INFO         | Android emulator version 37.1.11.0 (build_id 15917651) (CL:N/A)
INFO         | Graphics backend: gfxstream
DEBUG   | Current emulator version 37.1.11 is the same as the required version 37.1.11.
INFO         | Found AVD name 'connectly_test'
INFO         | Found AVD target architecture: x86_64
INFO         | argv[0]: 'C:\@Work\POC\android-sdk\emulator\emulator.exe'; program directory: 'C:\@Work\POC\android-sdk\emulator'
INFO         | Found systemPath C:/@Work/POC/android-sdk\system-images\android-34\google_apis\x86_64\
DEBUG   | autoconfig: -skin 1080x2400
DEBUG   | autoconfig: -skindir (null)
DEBUG   | init, loading C:\@Work\POC\android-sdk\emulator\lib\advancedFeatures.ini
DEBUG   | FeatureControl::initHostFeatureAndParseDefault: GLPipeChecksum = on
DEBUG   | FeatureControl::initHostFeatureAndParseDefault: ForceANGLE = off
DEBUG   | FeatureControl::initHostFeatureAndParseDefault: ForceSwiftshader = off
DEBUG   | FeatureControl::initHostFeatureAndParseDefault: HYPERV = off
DEBUG   | FeatureControl::initHostFeatureAndParseDefault: HVF = on
DEBUG   | FeatureControl::initHostFeatureAndParseDefault: KVM = off
DEBUG   | FeatureControl::initHostFeatureAndParseDefault: FastSnapshotV1 = on
DEBUG   | FeatureControl::initHostFeatureAndParseDefault: ScreenRecording = on
DEBUG   | FeatureControl::initHostFeatureAndParseDefault: VirtualScene = on
DEBUG   | FeatureControl::initHostFeatureAndParseDefault: VideoPlayback = off
DEBUG   | FeatureControl::initHostFeatureAndParseDefault: GenericSnapshotsUI = on
DEBUG   | FeatureControl::initHostFeatureAndParseDefault: WindowsOnDemandSnapshotLoad = on
DEBUG   | FeatureControl::initHostFeatureAndParseDefault: WindowsHypervisorPlatform = on
DEBUG   | FeatureControl::initHostFeatureAndParseDefault: LocationUiV2 = on
DEBUG   | FeatureControl::initHostFeatureAndParseDefault: SnapshotAdb = off
DEBUG   | FeatureControl::initHostFeatureAndParseDefault: QuickbootFileBacked = on
DEBUG   | FeatureControl::initHostFeatureAndParseDefault: OnDemandSnapshotLoad = off
DEBUG   | FeatureControl::initHostFeatureAndParseDefault: Vulkan = off
DEBUG   | FeatureControl::initHostFeatureAndParseDefault: IpDisconnectOnLoad = off
DEBUG   | FeatureControl::initHostFeatureAndParseDefault: HasSharedSlotsHostMemoryAllocator = on
DEBUG   | FeatureControl::initHostFeatureAndParseDefault: CarVHalTable = on
DEBUG   | FeatureControl::initHostFeatureAndParseDefault: VulkanSnapshots = off
DEBUG   | FeatureControl::initHostFeatureAndParseDefault: DynamicMediaProfile = off
DEBUG   | FeatureControl::initHostFeatureAndParseDefault: CarVhalReplay = on
DEBUG   | FeatureControl::initHostFeatureAndParseDefault: NoDelayCloseColorBuffer = off
DEBUG   | FeatureControl::initHostFeatureAndParseDefault: NoDeviceFrame = off
DEBUG   | FeatureControl::initHostFeatureAndParseDefault: VirtioGpuNativeSync = off
DEBUG   | FeatureControl::initHostFeatureAndParseDefault: VulkanShaderFloat16Int8 = on
DEBUG   | FeatureControl::initHostFeatureAndParseDefault: CarRotary = on
DEBUG   | FeatureControl::initHostFeatureAndParseDefault: TvRemote = on
DEBUG   | FeatureControl::initHostFeatureAndParseDefault: GuestUsesAngle = off
DEBUG   | FeatureControl::initHostFeatureAndParseDefault: VirtioGpuFenceContexts = off
DEBUG   | FeatureControl::initHostFeatureAndParseDefault: AsyncComposeSupport = off
DEBUG   | FeatureControl::initHostFeatureAndParseDefault: VulkanAstcLdrEmulation = on
DEBUG   | FeatureControl::initHostFeatureAndParseDefault: VulkanYcbcrEmulation = off
DEBUG   | FeatureControl::initHostFeatureAndParseDefault: NetsimWebUi = on
DEBUG   | FeatureControl::initHostFeatureAndParseDefault: NetsimCliUi = on
DEBUG   | FeatureControl::initHostFeatureAndParseDefault: WiFiPacketStream = on
DEBUG   | FeatureControl::initHostFeatureAndParseDefault: VulkanAllocateDeviceMemoryOnly = off
DEBUG   | FeatureControl::initHostFeatureAndParseDefault: VulkanAllocateHostMemory = off
DEBUG   | FeatureControl::initHostFeatureAndParseDefault: QtRawKeyboardInput = off
DEBUG   | FeatureControl::initHostFeatureAndParseDefault: BypassVulkanDeviceFeatureOverrides = off
DEBUG   | FeatureControl::initHostFeatureAndParseDefault: VulkanDebugUtils = off
DEBUG   | FeatureControl::initHostFeatureAndParseDefault: VulkanCommandBufferCheckpoints = off
DEBUG   | FeatureControl::initHostFeatureAndParseDefault: VulkanVirtualQueue = on
DEBUG   | FeatureControl::initHostFeatureAndParseDefault: VulkanRobustness = off
DEBUG   | FeatureControl::initHostFeatureAndParseDefault: ForceLavapipe = off
DEBUG   | FeatureControl::initHostFeatureAndParseDefault: ForceLavapipeForSoftwareRendering = off
DEBUG   | FeatureControl::initHostFeatureAndParseDefault: ForceGpuHost = off
DEBUG   | FeatureControl::initHostFeatureAndParseDefault: ForceGpuSoftware = off
DEBUG   | FeatureControl::initHostFeatureAndParseDefault: NetsimX = off
DEBUG   | FeatureControl::initHostFeatureAndParseDefault: VulkanProtectedMemoryEmulation = off
DEBUG   | FeatureControl::initGuestFeatureAndParseDefault: GrallocSync = off
DEBUG   | FeatureControl::initGuestFeatureAndParseDefault: GrallocSync (guest) = on
DEBUG   | FeatureControl::initGuestFeatureAndParseDefault: EncryptUserData = on
DEBUG   | FeatureControl::initGuestFeatureAndParseDefault: EncryptUserData (guest) = on
DEBUG   | FeatureControl::initGuestFeatureAndParseDefault: IntelPerformanceMonitoringUnit = on
DEBUG   | FeatureControl::initGuestFeatureAndParseDefault: IntelPerformanceMonitoringUnit (guest) = on
DEBUG   | FeatureControl::initGuestFeatureAndParseDefault: GLAsyncSwap = on
DEBUG   | FeatureControl::initGuestFeatureAndParseDefault: GLAsyncSwap (guest) = on
DEBUG   | FeatureControl::initGuestFeatureAndParseDefault: GLDMA = on
DEBUG   | FeatureControl::initGuestFeatureAndParseDefault: GLDMA (guest) = on
DEBUG   | FeatureControl::initGuestFeatureAndParseDefault: GLDMA2 = on
DEBUG   | FeatureControl::initGuestFeatureAndParseDefault: GLDirectMem = off
DEBUG   | FeatureControl::initGuestFeatureAndParseDefault: GLDirectMem (guest) = on
DEBUG   | FeatureControl::initGuestFeatureAndParseDefault: GLESDynamicVersion = off
DEBUG   | FeatureControl::initGuestFeatureAndParseDefault: GLESDynamicVersion (guest) = on
DEBUG   | FeatureControl::initGuestFeatureAndParseDefault: Wifi = on
DEBUG   | FeatureControl::initGuestFeatureAndParseDefault: PlayStoreImage = on
DEBUG   | FeatureControl::initGuestFeatureAndParseDefault: LogcatPipe = on
DEBUG   | FeatureControl::initGuestFeatureAndParseDefault: LogcatPipe (guest) = on
DEBUG   | FeatureControl::initGuestFeatureAndParseDefault: SystemAsRoot = on
DEBUG   | FeatureControl::initGuestFeatureAndParseDefault: KernelDeviceTreeBlobSupport = on
DEBUG   | FeatureControl::initGuestFeatureAndParseDefault: DynamicPartition = on
DEBUG   | FeatureControl::initGuestFeatureAndParseDefault: DynamicPartition (guest) = on
DEBUG   | FeatureControl::initGuestFeatureAndParseDefault: RefCountPipe = on
DEBUG   | FeatureControl::initGuestFeatureAndParseDefault: RefCountPipe (guest) = on
DEBUG   | FeatureControl::initGuestFeatureAndParseDefault: HostComposition = on
DEBUG   | FeatureControl::initGuestFeatureAndParseDefault: HostComposition (guest) = on
DEBUG   | FeatureControl::initGuestFeatureAndParseDefault: WifiConfigurable = off
DEBUG   | FeatureControl::initGuestFeatureAndParseDefault: VirtioInput = on
DEBUG   | FeatureControl::initGuestFeatureAndParseDefault: VirtioInput (guest) = on
DEBUG   | FeatureControl::initGuestFeatureAndParseDefault: MultiDisplay = on
DEBUG   | FeatureControl::initGuestFeatureAndParseDefault: MultiDisplay (guest) = on
DEBUG   | FeatureControl::initGuestFeatureAndParseDefault: VulkanNullOptionalStrings = on
DEBUG   | FeatureControl::initGuestFeatureAndParseDefault: VulkanNullOptionalStrings (guest) = on
DEBUG   | FeatureControl::initGuestFeatureAndParseDefault: YUV420888toNV21 = on
DEBUG   | FeatureControl::initGuestFeatureAndParseDefault: YUVCache = on
DEBUG   | FeatureControl::initGuestFeatureAndParseDefault: YUVCache (guest) = on
DEBUG   | FeatureControl::initGuestFeatureAndParseDefault: KeycodeForwarding = on
DEBUG   | FeatureControl::initGuestFeatureAndParseDefault: VulkanIgnoredHandles = on
DEBUG   | FeatureControl::initGuestFeatureAndParseDefault: VulkanIgnoredHandles (guest) = on
DEBUG   | FeatureControl::initGuestFeatureAndParseDefault: VirtioGpuNext = on
DEBUG   | FeatureControl::initGuestFeatureAndParseDefault: Mac80211hwsimUserspaceManaged = on
DEBUG   | FeatureControl::initGuestFeatureAndParseDefault: Mac80211hwsimUserspaceManaged (guest) = on
DEBUG   | FeatureControl::initGuestFeatureAndParseDefault: HardwareDecoder = on
DEBUG   | FeatureControl::initGuestFeatureAndParseDefault: HardwareDecoder (guest) = on
DEBUG   | FeatureControl::initGuestFeatureAndParseDefault: VirtioWifi = on
DEBUG   | FeatureControl::initGuestFeatureAndParseDefault: VirtioWifi (guest) = on
DEBUG   | FeatureControl::initGuestFeatureAndParseDefault: ModemSimulator = on
DEBUG   | FeatureControl::initGuestFeatureAndParseDefault: ModemSimulator (guest) = on
DEBUG   | FeatureControl::initGuestFeatureAndParseDefault: VirtioMouse = on
DEBUG   | FeatureControl::initGuestFeatureAndParseDefault: VirtconsoleLogcat = on
DEBUG   | FeatureControl::initGuestFeatureAndParseDefault: VirtconsoleLogcat (guest) = on
DEBUG   | FeatureControl::initGuestFeatureAndParseDefault: VirtioVsockPipe = on
DEBUG   | FeatureControl::initGuestFeatureAndParseDefault: VirtioVsockPipe (guest) = on
DEBUG   | FeatureControl::initGuestFeatureAndParseDefault: VulkanQueueSubmitWithCommands = on
DEBUG   | FeatureControl::initGuestFeatureAndParseDefault: VulkanQueueSubmitWithCommands (guest) = on
DEBUG   | FeatureControl::initGuestFeatureAndParseDefault: VulkanBatchedDescriptorSetUpdate = off
DEBUG   | FeatureControl::initGuestFeatureAndParseDefault: VulkanBatchedDescriptorSetUpdate (guest) = on
DEBUG   | FeatureControl::initGuestFeatureAndParseDefault: Minigbm = on
DEBUG   | FeatureControl::initGuestFeatureAndParseDefault: GnssGrpcV1 = on
DEBUG   | FeatureControl::initGuestFeatureAndParseDefault: AndroidbootProps = on
DEBUG   | FeatureControl::initGuestFeatureAndParseDefault: AndroidbootProps2 = on
DEBUG   | FeatureControl::initGuestFeatureAndParseDefault: AndroidbootProps2 (guest) = on
DEBUG   | FeatureControl::initGuestFeatureAndParseDefault: DeviceSkinOverlay = on
DEBUG   | FeatureControl::initGuestFeatureAndParseDefault: DeviceSkinOverlay (guest) = on
DEBUG   | FeatureControl::initGuestFeatureAndParseDefault: BluetoothEmulation (guest) = on
DEBUG   | FeatureControl::initGuestFeatureAndParseDefault: DeviceStateOnBoot = on
DEBUG   | FeatureControl::initGuestFeatureAndParseDefault: DeviceStateOnBoot (guest) = on
DEBUG   | FeatureControl::initGuestFeatureAndParseDefault: HWCMultiConfigs = on
DEBUG   | FeatureControl::initGuestFeatureAndParseDefault: HWCMultiConfigs (guest) = on
DEBUG   | FeatureControl::initGuestFeatureAndParseDefault: VirtioSndCard = on
DEBUG   | FeatureControl::initGuestFeatureAndParseDefault: VirtioSndCard (guest) = on
DEBUG   | FeatureControl::initGuestFeatureAndParseDefault: VirtioTablet = on
DEBUG   | FeatureControl::initGuestFeatureAndParseDefault: VsockSnapshotLoadFixed_b231345789 = on
DEBUG   | FeatureControl::initGuestFeatureAndParseDefault: DownloadableSnapshot = on
DEBUG   | FeatureControl::initGuestFeatureAndParseDefault: SupportPixelFold = on
DEBUG   | FeatureControl::initGuestFeatureAndParseDefault: SupportPixelFold (guest) = on
DEBUG   | FeatureControl::initGuestFeatureAndParseDefault: DeviceKeyboardHasAssistKey = on
DEBUG   | FeatureControl::initGuestFeatureAndParseDefault: Uwb = on
DEBUG   | FeatureControl::initGuestFeatureAndParseDefault: GuestAngle = on
DEBUG   | FeatureControl::initGuestFeatureAndParseDefault: AndroidVirtualizationFramework = on
DEBUG   | FeatureControl::initGuestFeatureAndParseDefault: XrModeUI = on
DEBUG   | FeatureControl::initGuestFeatureAndParseDefault: VirtioDualModeMouse = on
DEBUG   | FeatureControl::initGuestFeatureAndParseDefault: DualModeMouseDisplayHostCursor = on
DEBUG   | FeatureControl::initGuestFeatureAndParseDefault: AllAppsForHomeTray = on
DEBUG   | FeatureControl::initGuestFeatureAndParseDefault: MicrophoneToggleUI = on
DEBUG   | FeatureControl::initGuestFeatureAndParseDefault: QemuCameraSensorOrientation = on
DEBUG   | FeatureControl::initGuestFeatureAndParseDefault: XrDimming = on
DEBUG   | FeatureControl::initGuestFeatureAndParseDefault: XrHandAndEyePointers = on
DEBUG   | FeatureControl::initGuestFeatureAndParseDefault: Nfc = off
DEBUG   | FeatureControl::initGuestFeatureAndParseDefault: XrStatusLed = on
DEBUG   | Crash dump message: 'gpu found. vendor id 8086 device id 0x4628'
DEBUG   | autoconfig: -kernel C:/@Work/POC/android-sdk\system-images\android-34\google_apis\x86_64\\kernel-ranchu
DEBUG   | Target arch = 'x86_64'
DEBUG   | Auto-detect: Kernel image requires new device naming scheme.
DEBUG   | Auto-detect: Kernel does not support YAFFS2 partitions.
DEBUG   | autoconfig: -ramdisk C:/@Work/POC/android-sdk\system-images\android-34\google_apis\x86_64\\ramdisk.img
DEBUG   | Using initial system image: C:/@Work/POC/android-sdk\system-images\android-34\google_apis\x86_64\\system.img
DEBUG   | Using initial vendor image: C:/@Work/POC/android-sdk\system-images\android-34\google_apis\x86_64\\vendor.img
DEBUG   | autoconfig: -data C:\Users\CZUVWD\.android\avd\..\avd\connectly_test.avd\userdata-qemu.img
DEBUG   | autoconfig: -initdata C:\Users\CZUVWD\.android\avd\..\avd\connectly_test.avd\userdata.img
DEBUG   | autoconfig: -cache C:\Users\CZUVWD\.android\avd\..\avd\connectly_test.avd\cache.img
INFO         | Increasing RAM size to 2560MB
DEBUG   | VM heap size 228MB is below hardware specified minimum of 576MB,setting it to that value
DEBUG   | System image is read only
INFO         | IPv4 server found: 192.168.1.254
INFO         | Ignore IPv6 address: d02b:fa51:9c01:0:d02b:fa51:9c01:0
INFO         | Ignore IPv6 address: d02b:fa51:9c01:0:d02b:fa51:9c01:0
INFO         | Ignore IPv6 address: d02b:fa51:9c01:0:d02b:fa51:9c01:0
INFO         | Ignore IPv6 address: c031:fa51:9c01:0:d02b:fa51:9c01:0
INFO         | Ignore IPv6 address: c031:fa51:9c01:0:d02b:fa51:9c01:0
INFO         | Ignore IPv6 address: c031:fa51:9c01:0:d02b:fa51:9c01:0
INFO         | Ignore IPv6 address: d837:fa51:9c01:0:d02b:fa51:9c01:0
INFO         | Ignore IPv6 address: d837:fa51:9c01:0:d02b:fa51:9c01:0
INFO         | Ignore IPv6 address: d837:fa51:9c01:0:d02b:fa51:9c01:0
DEBUG   | IPv6 DNS server found: f03d:fa51:9c01:0:d02b:fa51:9c01:0
DEBUG   | IPv6 DNS server found: f03d:fa51:9c01:0:d02b:fa51:9c01:0
DEBUG   | IPv6 DNS server found: f03d:fa51:9c01:0:d02b:fa51:9c01:0
DEBUG   | IPv6 DNS server found: f03d:fa51:9c01:0:d02b:fa51:9c01:0
INFO         | Ignore IPv6 address: 4849:fa51:9c01:0:d02b:fa51:9c01:0
INFO         | Ignore IPv6 address: 4849:fa51:9c01:0:d02b:fa51:9c01:0
INFO         | Ignore IPv6 address: 4849:fa51:9c01:0:d02b:fa51:9c01:0
DEBUG   | Found 3 DNS servers:
DEBUG   | 	192.168.1.254
DEBUG   | 	2402:e280:21fd:700::1
DEBUG   | 	2606:4700:4700::1001
INFO         | Guest GLES Driver: Auto (ext controls)
DEBUG   | emuglConfig_init: gpu_mode_requested: auto, no_window: 0

DEBUG   | Crash dump message: 'emuglConfig_init: gpu_mode_requested: auto, no_window: 0'
DEBUG   | emuglConfig_get_vulkan_runtime_full_path: Checking for vulkan-1.dll versions
DEBUG   | querying file version info API...
DEBUG   | found kernelbase.dll
DEBUG   | GetFileVersionInfoSizeW found. On Windows 10?
DEBUG   | GetFileVersionInfoW found. On Windows 10?
DEBUG   | VerQueryValueW found. Can query file versions
DEBUG   | querying file version info API...
DEBUG   | vulkan-1.dll version: 1.3.300.0
DEBUG   | C:\@Work\POC\android-sdk\emulator\lib64\vulkan\vulkan-1.dll version: 1.4.344.0
DEBUG   | emuglConfig_get_vulkan_runtime_full_path: Using vulkan runtime path: vulkan-1.dll
DEBUG   | emuglConfig_get_vulkan_hardware_gpu_support_info: Successfully created vulkan instance

DEBUG   | emuglConfig_get_vulkan_hardware_gpu_support_info: Physical devices count is 1

INFO         | emuglConfig_get_vulkan_hardware_gpu_support_info: Found physical GPU 'Intel(R) UHD Graphics', type: VK_PHYSICAL_DEVICE_TYPE_INTEGRATED_GPU, apiVersion: 1.3.261, driverVersion: 0.405.791

INFO         | emuglConfig_init: vulkan_mode_selected:host gles_mode_selected:host
DEBUG   | setCurrentRenderer: host host gles:Host vulkan:Host
DEBUG   | Checking whether Windows Hypervisor Platform (WHPX) is available.
DEBUG   | WinHvPlatform.dll found. Looking for WHvGetCapability...
DEBUG   | WHvGetCapability found. Querying WHPX capabilities...
DEBUG   | WHPX (10.0.26200) is installed and usable.
DEBUG   | emuglConfig_init: GPU emulation enabled using Vulkan:'host' GLES:'host' modes

DEBUG   | Crash dump message: 'emuglConfig_init: GPU emulation enabled using Vulkan:'host' GLES:'host' modes'
DEBUG   | Crash dump message: 'Deciding if GLDirectMem/Vulkan should be enabled. Selected GLES renderer: Host Selected Vulkan renderer: Host API level: 34 '
DEBUG   | Crash dump message: 'Enabling Vulkan'
DEBUG   | FeatureControl::setIfNotOverriden: Vulkan is changed to enabled
DEBUG   | FeatureControl::setIfNotOverriden: GLDirectMem is changed to enabled
DEBUG   | Crash dump message: 'Enabling GLDirectMem'
DEBUG   | GPU emulation enabled using Vulkan:'host' GLES:'host' modes
INFO         | Checking system compatibility:
INFO         |   Checking: hasCompatibleHypervisor
INFO         |      Ok: Hypervisor compatibility to run avd: `connectly_test` are met
INFO         |   Checking: hasSufficientSystem
INFO         |      Ok: System requirements to run avd: `connectly_test` are met
INFO         |   Checking: hasSufficientHwGpu
INFO         |      Ok: Hardware GPU requirements to run avd: `connectly_test` are passed
INFO         |   Checking: hasSufficientDiskSpace
INFO         |      Ok: Disk space requirements to run avd: `connectly_test` are met
DEBUG   | Starting hostapd main loop.
DEBUG   | found magic skin width=1080 height=2400 bpp=32

DEBUG   | CPU Acceleration: working
DEBUG   | CPU Acceleration status: WHPX(10.0.26200) is installed and usable.
DEBUG   | handleCpuAcceleration: feature check for hvf
DEBUG   | FeatureControl::setIfNotOverriden: VsockSnapshotLoadFixed_b231345789 is changed to enabled
DEBUG   | Bluetooth requested by guest
DEBUG   | started modem simulator host server at port: 59950
INFO         | Critical: Failed to load opengl32sw (The specified module could not be found.) (:0, )
INFO         | Warning: Software OpenGL failed. Falling back to system OpenGL. (:0, )
DEBUG   | emulator_window_framebuffer_create: 1080x2400

INFO         | Storing crashdata in: C:\Users\CZUVWD\AppData\Local\Temp\\AndroidEmulator\emu-crash-37.1.11.db, detection is enabled for process: 6028
INFO         | Showing crashdialog to get consent.
  module_list[0].crashpad_annotations["ERRLOG"] (type = 1) = detected a hanging thread 'QEMU2 CPU0 thread'. No response for 19156 ms
detected a hanging thread 'QEMU2 CPU1 thread'. No response for 19156 ms
detected a hanging thread 'QEMU2 CPU2 thread'. No response for 19156 ms
detected a hanging thread 'QEMU2 CPU3 thread'. No response for 19156 ms
detected a hanging thread 'QEMU2 main loop'. No response for 15004 ms
detected a hanging thread 'QEMU2 CPU0 thread'. No response for 15004 ms

  module_list[0].crashpad_annotations["grpc"] (type = 1) = cn:T,adv,
  module_list[0].crashpad_annotations["AVD_FLAVOR"] (type = 1) = AVD_PHONE
  module_list[0].crashpad_annotations["gfxstream_features"] (type = 1) = GlPipeChecksum, Vulkan, HasSharedSlotsHostMemoryAllocator, VulkanShaderFloat16Int8, GlAsyncSwap, GlDma, GlDirectMem, GlesDynamicVersion, RefCountPipe, HostComposition, VulkanNullOptionalStrings, YuvCache, VulkanIgnoredHandles, VulkanQueueSubmitWithCommands, HwcMultiConfigs, VulkanVirtualQueue, 
  module_list[0].crashpad_annotations["internal-msg"] (type = 1) = gpu found. vendor id 8086 device id 0x4628
emuglConfig_init: gpu_mode_requested: auto, no_window: 0
emuglConfig_init: GPU emulation enabled using Vulkan:'host' GLES:'host' modes
Deciding if GLDirectMem/Vulkan should be enabled. Selected GLES renderer: Host Selected Vulkan renderer: Host API level: 34 
Enabling Vulkan
Enabling GLDirectMem
Selecting Vulkan device: Intel(R) UHD Graphics, Version: 1.3.261
VkEmulation deviceInfo: 
hasGraphicsQueueFamily = 1
hasComputeQueueFamily = 1
externalMemoryMode = OpaqueWin32
supportsExternalMemoryImport = 1
supportsExternalMemoryExport = 1
supportsDriverProperties = 1
supportsExternalMemoryHostProps = 1
hasSamplerYcbcrConversionExtension = 1
supportsSamplerYcbcrConversion = 1
glInteropSupported = 0
hasNvidiaDeviceDiagnosticCheckpointsExtension = 1
supportsNvidiaDeviceDiagnosticCheckpoints = 0
supportsPrivateData = 1

Vulkan emulation initialized
detected a hanging thread 'QEMU2 CPU0 thread'. No response for 15004 ms
  module_list[0].crashpad_annotations["command_line"] (type = 1) = -avd connectly_test -no-snapshot-load -no-snapshot-save -feature -Wifi -http-proxy none -verbose 
INFO         | No consent for crashreport 732d65b7-74c3-4252-a44c-1e8795a7e9f2, deleting.
DEBUG   | FeatureControl::setIfNotOverridenOrGuestDisabled: GLESDynamicVersion is changed to enabled
INFO         | Initializing gfxstream backend
INFO         | startOpenglesRendererImpl: gpu info
INFO         | GPU #1
  Make: 8086
  Model: Intel(R) UHD Graphics
  Device ID: 4628

DEBUG   | gfxstreamFeature:GlPipeChecksum = 1
DEBUG   | gfxstreamFeature:Vulkan = 1
DEBUG   | gfxstreamFeature:HasSharedSlotsHostMemoryAllocator = 1
DEBUG   | gfxstreamFeature:VulkanSnapshots = 0
DEBUG   | gfxstreamFeature:NoDelayCloseColorBuffer = 0
DEBUG   | gfxstreamFeature:VirtioGpuNativeSync = 0
DEBUG   | gfxstreamFeature:VulkanShaderFloat16Int8 = 1
DEBUG   | gfxstreamFeature:NativeTextureDecompression = 0
DEBUG   | gfxstreamFeature:VulkanNativeSwapchain = 0
DEBUG   | gfxstreamFeature:VirtioGpuFenceContexts = 0
DEBUG   | gfxstreamFeature:AsyncComposeSupport = 0
DEBUG   | gfxstreamFeature:ExternalBlob = 0
DEBUG   | gfxstreamFeature:SystemBlob = 0
DEBUG   | gfxstreamFeature:GrallocSync = 0
DEBUG   | gfxstreamFeature:GlAsyncSwap = 1
DEBUG   | gfxstreamFeature:GlDma = 1
DEBUG   | gfxstreamFeature:GlDma2 = 0
DEBUG   | gfxstreamFeature:GlDirectMem = 1
DEBUG   | gfxstreamFeature:GlesDynamicVersion = 1
DEBUG   | gfxstreamFeature:RefCountPipe = 1
DEBUG   | gfxstreamFeature:HostComposition = 1
DEBUG   | gfxstreamFeature:VulkanNullOptionalStrings = 1
DEBUG   | gfxstreamFeature:Yuv420888ToNv21 = 0
DEBUG   | gfxstreamFeature:YuvCache = 1
DEBUG   | gfxstreamFeature:VulkanIgnoredHandles = 1
DEBUG   | gfxstreamFeature:VirtioGpuNext = 0
DEBUG   | gfxstreamFeature:VulkanQueueSubmitWithCommands = 1
DEBUG   | gfxstreamFeature:VulkanBatchedDescriptorSetUpdate = 0
DEBUG   | gfxstreamFeature:Minigbm = 0
DEBUG   | gfxstreamFeature:HwcMultiConfigs = 1
DEBUG   | gfxstreamFeature:VulkanAllocateDeviceMemoryOnly = 0
DEBUG   | gfxstreamFeature:VulkanAllocateHostMemory = 0
DEBUG   | gfxstreamFeature:GuestVulkanOnly = 0
DEBUG   | gfxstreamFeature:BypassVulkanDeviceFeatureOverrides = 0
DEBUG   | gfxstreamFeature:VulkanDebugUtils = 0
DEBUG   | gfxstreamFeature:VulkanCommandBufferCheckpoints = 0
DEBUG   | gfxstreamFeature:VulkanVirtualQueue = 1
DEBUG   | gfxstreamFeature:VulkanRobustness = 0
DEBUG   | gfxstreamFeature:VulkanProtectedMemoryEmulation = 0
DEBUG   | RenderWindow: CMD_INITIALIZE w=1080 h=2400
DEBUG   | FrameBuffer::initialize()
DEBUG   | Creating Framebuffer: 1080x2400, useSubWindow=1
DEBUG   | create display 0
DEBUG   | setDisplayPose 0 x 0 y 0 w 1080 h 2400 dpi 0
INFO         | Disabling implicit Vulkan layers to avoid compatibility issues. Set VK_LOADER_LAYERS_DISABLE manually to disable this behavior.
VERBOSE | Enabling error messages from vulkan loader
INFO         | SharedLibrary::open for [C:\@Work\POC\android-sdk\emulator\qemu\windows-x86_64\lib64\vulkan\vulkan-1.dll]
VERBOSE | SharedLibrary::open for [C:\@Work\POC\android-sdk\emulator\qemu\windows-x86_64\lib64\vulkan\vulkan-1.dll]: not found in map, open for the first time
VERBOSE | SharedLibrary::open for [C:\@Work\POC\android-sdk\emulator\qemu\windows-x86_64\lib64\vulkan\vulkan-1.dll] (win32): call LoadLibrary
VERBOSE | Failed to load [C:\@Work\POC\android-sdk\emulator\qemu\windows-x86_64\lib64\vulkan\vulkan-1.dll]. Error string: []
DEBUG   | Library cannot be added: C:\@Work\POC\android-sdk\emulator\qemu\windows-x86_64\lib64\vulkan\vulkan-1.dll
INFO         | SharedLibrary::open for [C:\@Work\POC\android-sdk\emulator\lib64\vulkan\vulkan-1.dll]
VERBOSE | SharedLibrary::open for [C:\@Work\POC\android-sdk\emulator\lib64\vulkan\vulkan-1.dll]: not found in map, open for the first time
VERBOSE | SharedLibrary::open for [C:\@Work\POC\android-sdk\emulator\lib64\vulkan\vulkan-1.dll] (win32): call LoadLibrary
VERBOSE | SharedLibrary::open succeeded for [C:\@Work\POC\android-sdk\emulator\lib64\vulkan\vulkan-1.dll]. File name: [C:\@Work\POC\android-sdk\emulator\lib64\vulkan\vulkan-1.dll]
INFO         | Added library: C:\@Work\POC\android-sdk\emulator\lib64\vulkan\vulkan-1.dll
DEBUG   | Global loader has instance version = 1.4.344
DEBUG   | glob[Vulkan Loader] WARNING | LAYER: windows_read_data_files_in_registry: Registry lookup failed to get layer manifest files.
al loader has vkEnumerateInstanceVersion returning >= 1.1.
DEBUG   | Creating an instance, asking for version 1.1.0 ...
DEBUG   | Found 1 Vulkan physical device(s).
DEBUG   | Considering Vulkan physical device 0 : Intel(R) UHD Graphics
DEBUG   | Graphics queue family index: 0
DEBUG   | Compute queue family index: 0
DEBUG   | Supported: VK_FORMAT_R8G8B8A8_UNORM VK_IMAGE_TYPE_2D VK_IMAGE_TILING_LINEAR VK_IMAGE_USAGE_COLOR_ATTACHMENT_BIT, supportsExternalMemory? 1, requiresDedicated? 0
DEBUG   | Supported: VK_FORMAT_R8G8B8A8_UNORM VK_IMAGE_TYPE_2D VK_IMAGE_TILING_LINEAR VK_IMAGE_USAGE_INPUT_ATTACHMENT_BIT, supportsExternalMemory? 1, requiresDedicated? 0
DEBUG   | Supported: VK_FORMAT_R8G8B8A8_UNORM VK_IMAGE_TYPE_2D VK_IMAGE_TILING_LINEAR VK_IMAGE_USAGE_SAMPLED_BIT, supportsExternalMemory? 1, requiresDedicated? 0
DEBUG   | Supported: VK_FORMAT_R8G8B8A8_UNORM VK_IMAGE_TYPE_2D VK_IMAGE_TILING_LINEAR VK_IMAGE_USAGE_TRANSFER_SRC_BIT, supportsExternalMemory? 1, requiresDedicated? 0
DEBUG   | Supported: VK_FORMAT_R8G8B8A8_UNORM VK_IMAGE_TYPE_2D VK_IMAGE_TILING_LINEAR VK_IMAGE_USAGE_TRANSFER_DST_BIT, supportsExternalMemory? 1, requiresDedicated? 0
DEBUG   | Supported: VK_FORMAT_R8G8B8A8_UNORM VK_IMAGE_TYPE_2D VK_IMAGE_TILING_OPTIMAL VK_IMAGE_USAGE_COLOR_ATTACHMENT_BIT, supportsExternalMemory? 1, requiresDedicated? 0
DEBUG   | Supported: VK_FORMAT_R8G8B8A8_UNORM VK_IMAGE_TYPE_2D VK_IMAGE_TILING_OPTIMAL VK_IMAGE_USAGE_INPUT_ATTACHMENT_BIT, supportsExternalMemory? 1, requiresDedicated? 0
DEBUG   | Supported: VK_FORMAT_R8G8B8A8_UNORM VK_IMAGE_TYPE_2D VK_IMAGE_TILING_OPTIMAL VK_IMAGE_USAGE_SAMPLED_BIT, supportsExternalMemory? 1, requiresDedicated? 0
DEBUG   | Supported: VK_FORMAT_R8G8B8A8_UNORM VK_IMAGE_TYPE_2D VK_IMAGE_TILING_OPTIMAL VK_IMAGE_USAGE_TRANSFER_SRC_BIT, supportsExternalMemory? 1, requiresDedicated? 0
DEBUG   | Supported: VK_FORMAT_R8G8B8A8_UNORM VK_IMAGE_TYPE_2D VK_IMAGE_TILING_OPTIMAL VK_IMAGE_USAGE_TRANSFER_DST_BIT, supportsExternalMemory? 1, requiresDedicated? 0
DEBUG   | Supported: VK_FORMAT_R8G8B8_UNORM VK_IMAGE_TYPE_2D VK_IMAGE_TILING_LINEAR VK_IMAGE_USAGE_COLOR_ATTACHMENT_BIT, supportsExternalMemory? 1, requiresDedicated? 0
DEBUG   | Supported: VK_FORMAT_R8G8B8_UNORM VK_IMAGE_TYPE_2D VK_IMAGE_TILING_LINEAR VK_IMAGE_USAGE_INPUT_ATTACHMENT_BIT, supportsExternalMemory? 1, requiresDedicated? 0
DEBUG   | Supported: VK_FORMAT_R8G8B8_UNORM VK_IMAGE_TYPE_2D VK_IMAGE_TILING_LINEAR VK_IMAGE_USAGE_SAMPLED_BIT, supportsExternalMemory? 1, requiresDedicated? 0
DEBUG   | Supported: VK_FORMAT_R8G8B8_UNORM VK_IMAGE_TYPE_2D VK_IMAGE_TILING_LINEAR VK_IMAGE_USAGE_TRANSFER_SRC_BIT, supportsExternalMemory? 1, requiresDedicated? 0
DEBUG   | Supported: VK_FORMAT_R8G8B8_UNORM VK_IMAGE_TYPE_2D VK_IMAGE_TILING_LINEAR VK_IMAGE_USAGE_TRANSFER_DST_BIT, supportsExternalMemory? 1, requiresDedicated? 0
DEBUG   | Supported: VK_FORMAT_R8G8B8_UNORM VK_IMAGE_TYPE_2D VK_IMAGE_TILING_OPTIMAL VK_IMAGE_USAGE_COLOR_ATTACHMENT_BIT, supportsExternalMemory? 1, requiresDedicated? 0
DEBUG   | Supported: VK_FORMAT_R8G8B8_UNORM VK_IMAGE_TYPE_2D VK_IMAGE_TILING_OPTIMAL VK_IMAGE_USAGE_INPUT_ATTACHMENT_BIT, supportsExternalMemory? 1, requiresDedicated? 0
DEBUG   | Supported: VK_FORMAT_R8G8B8_UNORM VK_IMAGE_TYPE_2D VK_IMAGE_TILING_OPTIMAL VK_IMAGE_USAGE_SAMPLED_BIT, supportsExternalMemory? 1, requiresDedicated? 0
DEBUG   | Supported: VK_FORMAT_R8G8B8_UNORM VK_IMAGE_TYPE_2D VK_IMAGE_TILING_OPTIMAL VK_IMAGE_USAGE_TRANSFER_SRC_BIT, supportsExternalMemory? 1, requiresDedicated? 0
DEBUG   | Supported: VK_FORMAT_R8G8B8_UNORM VK_IMAGE_TYPE_2D VK_IMAGE_TILING_OPTIMAL VK_IMAGE_USAGE_TRANSFER_DST_BIT, supportsExternalMemory? 1, requiresDedicated? 0
DEBUG   | Supported: VK_FORMAT_R5G6B5_UNORM_PACK16 VK_IMAGE_TYPE_2D VK_IMAGE_TILING_LINEAR VK_IMAGE_USAGE_COLOR_ATTACHMENT_BIT, supportsExternalMemory? 1, requiresDedicated? 0
DEBUG   | Supported: VK_FORMAT_R5G6B5_UNORM_PACK16 VK_IMAGE_TYPE_2D VK_IMAGE_TILING_LINEAR VK_IMAGE_USAGE_INPUT_ATTACHMENT_BIT, supportsExternalMemory? 1, requiresDedicated? 0
DEBUG   | Supported: VK_FORMAT_R5G6B5_UNORM_PACK16 VK_IMAGE_TYPE_2D VK_IMAGE_TILING_LINEAR VK_IMAGE_USAGE_SAMPLED_BIT, supportsExternalMemory? 1, requiresDedicated? 0
DEBUG   | Supported: VK_FORMAT_R5G6B5_UNORM_PACK16 VK_IMAGE_TYPE_2D VK_IMAGE_TILING_LINEAR VK_IMAGE_USAGE_TRANSFER_SRC_BIT, supportsExternalMemory? 1, requiresDedicated? 0
DEBUG   | Supported: VK_FORMAT_R5G6B5_UNORM_PACK16 VK_IMAGE_TYPE_2D VK_IMAGE_TILING_LINEAR VK_IMAGE_USAGE_TRANSFER_DST_BIT, supportsExternalMemory? 1, requiresDedicated? 0
DEBUG   | Supported: VK_FORMAT_R5G6B5_UNORM_PACK16 VK_IMAGE_TYPE_2D VK_IMAGE_TILING_OPTIMAL VK_IMAGE_USAGE_COLOR_ATTACHMENT_BIT, supportsExternalMemory? 1, requiresDedicated? 0
DEBUG   | Supported: VK_FORMAT_R5G6B5_UNORM_PACK16 VK_IMAGE_TYPE_2D VK_IMAGE_TILING_OPTIMAL VK_IMAGE_USAGE_INPUT_ATTACHMENT_BIT, supportsExternalMemory? 1, requiresDedicated? 0
DEBUG   | Supported: VK_FORMAT_R5G6B5_UNORM_PACK16 VK_IMAGE_TYPE_2D VK_IMAGE_TILING_OPTIMAL VK_IMAGE_USAGE_SAMPLED_BIT, supportsExternalMemory? 1, requiresDedicated? 0
DEBUG   | Supported: VK_FORMAT_R5G6B5_UNORM_PACK16 VK_IMAGE_TYPE_2D VK_IMAGE_TILING_OPTIMAL VK_IMAGE_USAGE_TRANSFER_SRC_BIT, supportsExternalMemory? 1, requiresDedicated? 0
DEBUG   | Supported: VK_FORMAT_R5G6B5_UNORM_PACK16 VK_IMAGE_TYPE_2D VK_IMAGE_TILING_OPTIMAL VK_IMAGE_USAGE_TRANSFER_DST_BIT, supportsExternalMemory? 1, requiresDedicated? 0
DEBUG   | Supported: VK_FORMAT_A1R5G5B5_UNORM_PACK16 VK_IMAGE_TYPE_2D VK_IMAGE_TILING_LINEAR VK_IMAGE_USAGE_COLOR_ATTACHMENT_BIT, supportsExternalMemory? 1, requiresDedicated? 0
DEBUG   | Supported: VK_FORMAT_A1R5G5B5_UNORM_PACK16 VK_IMAGE_TYPE_2D VK_IMAGE_TILING_LINEAR VK_IMAGE_USAGE_INPUT_ATTACHMENT_BIT, supportsExternalMemory? 1, requiresDedicated? 0
DEBUG   | Supported: VK_FORMAT_A1R5G5B5_UNORM_PACK16 VK_IMAGE_TYPE_2D VK_IMAGE_TILING_LINEAR VK_IMAGE_USAGE_SAMPLED_BIT, supportsExternalMemory? 1, requiresDedicated? 0
DEBUG   | Supported: VK_FORMAT_A1R5G5B5_UNORM_PACK16 VK_IMAGE_TYPE_2D VK_IMAGE_TILING_LINEAR VK_IMAGE_USAGE_TRANSFER_SRC_BIT, supportsExternalMemory? 1, requiresDedicated? 0
DEBUG   | Supported: VK_FORMAT_A1R5G5B5_UNORM_PACK16 VK_IMAGE_TYPE_2D VK_IMAGE_TILING_LINEAR VK_IMAGE_USAGE_TRANSFER_DST_BIT, supportsExternalMemory? 1, requiresDedicated? 0
DEBUG   | Supported: VK_FORMAT_A1R5G5B5_UNORM_PACK16 VK_IMAGE_TYPE_2D VK_IMAGE_TILING_OPTIMAL VK_IMAGE_USAGE_COLOR_ATTACHMENT_BIT, supportsExternalMemory? 1, requiresDedicated? 0
DEBUG   | Supported: VK_FORMAT_A1R5G5B5_UNORM_PACK16 VK_IMAGE_TYPE_2D VK_IMAGE_TILING_OPTIMAL VK_IMAGE_USAGE_INPUT_ATTACHMENT_BIT, supportsExternalMemory? 1, requiresDedicated? 0
DEBUG   | Supported: VK_FORMAT_A1R5G5B5_UNORM_PACK16 VK_IMAGE_TYPE_2D VK_IMAGE_TILING_OPTIMAL VK_IMAGE_USAGE_SAMPLED_BIT, supportsExternalMemory? 1, requiresDedicated? 0
DEBUG   | Supported: VK_FORMAT_A1R5G5B5_UNORM_PACK16 VK_IMAGE_TYPE_2D VK_IMAGE_TILING_OPTIMAL VK_IMAGE_USAGE_TRANSFER_SRC_BIT, supportsExternalMemory? 1, requiresDedicated? 0
DEBUG   | Supported: VK_FORMAT_A1R5G5B5_UNORM_PACK16 VK_IMAGE_TYPE_2D VK_IMAGE_TILING_OPTIMAL VK_IMAGE_USAGE_TRANSFER_DST_BIT, supportsExternalMemory? 1, requiresDedicated? 0
DEBUG   | Supported: VK_FORMAT_R16G16B16A16_SFLOAT VK_IMAGE_TYPE_2D VK_IMAGE_TILING_LINEAR VK_IMAGE_USAGE_COLOR_ATTACHMENT_BIT, supportsExternalMemory? 1, requiresDedicated? 0
DEBUG   | Supported: VK_FORMAT_R16G16B16A16_SFLOAT VK_IMAGE_TYPE_2D VK_IMAGE_TILING_LINEAR VK_IMAGE_USAGE_INPUT_ATTACHMENT_BIT, supportsExternalMemory? 1, requiresDedicated? 0
DEBUG   | Supported: VK_FORMAT_R16G16B16A16_SFLOAT VK_IMAGE_TYPE_2D VK_IMAGE_TILING_LINEAR VK_IMAGE_USAGE_SAMPLED_BIT, supportsExternalMemory? 1, requiresDedicated? 0
DEBUG   | Supported: VK_FORMAT_R16G16B16A16_SFLOAT VK_IMAGE_TYPE_2D VK_IMAGE_TILING_LINEAR VK_IMAGE_USAGE_TRANSFER_SRC_BIT, supportsExternalMemory? 1, requiresDedicated? 0
DEBUG   | Supported: VK_FORMAT_R16G16B16A16_SFLOAT VK_IMAGE_TYPE_2D VK_IMAGE_TILING_LINEAR VK_IMAGE_USAGE_TRANSFER_DST_BIT, supportsExternalMemory? 1, requiresDedicated? 0
DEBUG   | Supported: VK_FORMAT_R16G16B16A16_SFLOAT VK_IMAGE_TYPE_2D VK_IMAGE_TILING_OPTIMAL VK_IMAGE_USAGE_COLOR_ATTACHMENT_BIT, supportsExternalMemory? 1, requiresDedicated? 0
DEBUG   | Supported: VK_FORMAT_R16G16B16A16_SFLOAT VK_IMAGE_TYPE_2D VK_IMAGE_TILING_OPTIMAL VK_IMAGE_USAGE_INPUT_ATTACHMENT_BIT, supportsExternalMemory? 1, requiresDedicated? 0
DEBUG   | Supported: VK_FORMAT_R16G16B16A16_SFLOAT VK_IMAGE_TYPE_2D VK_IMAGE_TILING_OPTIMAL VK_IMAGE_USAGE_SAMPLED_BIT, supportsExternalMemory? 1, requiresDedicated? 0
DEBUG   | Supported: VK_FORMAT_R16G16B16A16_SFLOAT VK_IMAGE_TYPE_2D VK_IMAGE_TILING_OPTIMAL VK_IMAGE_USAGE_TRANSFER_SRC_BIT, supportsExternalMemory? 1, requiresDedicated? 0
DEBUG   | Supported: VK_FORMAT_R16G16B16A16_SFLOAT VK_IMAGE_TYPE_2D VK_IMAGE_TILING_OPTIMAL VK_IMAGE_USAGE_TRANSFER_DST_BIT, supportsExternalMemory? 1, requiresDedicated? 0
DEBUG   | Not Supported: VK_FORMAT_R16G16B16_SFLOAT VK_IMAGE_TYPE_2D VK_IMAGE_TILING_LINEAR VK_IMAGE_USAGE_COLOR_ATTACHMENT_BIT
DEBUG   | Supported: VK_FORMAT_R16G16B16_SFLOAT VK_IMAGE_TYPE_2D VK_IMAGE_TILING_LINEAR VK_IMAGE_USAGE_INPUT_ATTACHMENT_BIT, supportsExternalMemory? 1, requiresDedicated? 0
DEBUG   | Supported: VK_FORMAT_R16G16B16_SFLOAT VK_IMAGE_TYPE_2D VK_IMAGE_TILING_LINEAR VK_IMAGE_USAGE_SAMPLED_BIT, supportsExternalMemory? 1, requiresDedicated? 0
DEBUG   | Supported: VK_FORMAT_R16G16B16_SFLOAT VK_IMAGE_TYPE_2D VK_IMAGE_TILING_LINEAR VK_IMAGE_USAGE_TRANSFER_SRC_BIT, supportsExternalMemory? 1, requiresDedicated? 0
DEBUG   | Supported: VK_FORMAT_R16G16B16_SFLOAT VK_IMAGE_TYPE_2D VK_IMAGE_TILING_LINEAR VK_IMAGE_USAGE_TRANSFER_DST_BIT, supportsExternalMemory? 1, requiresDedicated? 0
DEBUG   | Not Supported: VK_FORMAT_R16G16B16_SFLOAT VK_IMAGE_TYPE_2D VK_IMAGE_TILING_OPTIMAL VK_IMAGE_USAGE_COLOR_ATTACHMENT_BIT
DEBUG   | Supported: VK_FORMAT_R16G16B16_SFLOAT VK_IMAGE_TYPE_2D VK_IMAGE_TILING_OPTIMAL VK_IMAGE_USAGE_INPUT_ATTACHMENT_BIT, supportsExternalMemory? 1, requiresDedicated? 0
DEBUG   | Supported: VK_FORMAT_R16G16B16_SFLOAT VK_IMAGE_TYPE_2D VK_IMAGE_TILING_OPTIMAL VK_IMAGE_USAGE_SAMPLED_BIT, supportsExternalMemory? 1, requiresDedicated? 0
DEBUG   | Supported: VK_FORMAT_R16G16B16_SFLOAT VK_IMAGE_TYPE_2D VK_IMAGE_TILING_OPTIMAL VK_IMAGE_USAGE_TRANSFER_SRC_BIT, supportsExternalMemory? 1, requiresDedicated? 0
DEBUG   | Supported: VK_FORMAT_R16G16B16_SFLOAT VK_IMAGE_TYPE_2D VK_IMAGE_TILING_OPTIMAL VK_IMAGE_USAGE_TRANSFER_DST_BIT, supportsExternalMemory? 1, requiresDedicated? 0
DEBUG   | Supported: VK_FORMAT_B8G8R8A8_UNORM VK_IMAGE_TYPE_2D VK_IMAGE_TILING_LINEAR VK_IMAGE_USAGE_COLOR_ATTACHMENT_BIT, supportsExternalMemory? 1, requiresDedicated? 0
DEBUG   | Supported: VK_FORMAT_B8G8R8A8_UNORM VK_IMAGE_TYPE_2D VK_IMAGE_TILING_LINEAR VK_IMAGE_USAGE_INPUT_ATTACHMENT_BIT, supportsExternalMemory? 1, requiresDedicated? 0
DEBUG   | Supported: VK_FORMAT_B8G8R8A8_UNORM VK_IMAGE_TYPE_2D VK_IMAGE_TILING_LINEAR VK_IMAGE_USAGE_SAMPLED_BIT, supportsExternalMemory? 1, requiresDedicated? 0
DEBUG   | Supported: VK_FORMAT_B8G8R8A8_UNORM VK_IMAGE_TYPE_2D VK_IMAGE_TILING_LINEAR VK_IMAGE_USAGE_TRANSFER_SRC_BIT, supportsExternalMemory? 1, requiresDedicated? 0
DEBUG   | Supported: VK_FORMAT_B8G8R8A8_UNORM VK_IMAGE_TYPE_2D VK_IMAGE_TILING_LINEAR VK_IMAGE_USAGE_TRANSFER_DST_BIT, supportsExternalMemory? 1, requiresDedicated? 0
DEBUG   | Supported: VK_FORMAT_B8G8R8A8_UNORM VK_IMAGE_TYPE_2D VK_IMAGE_TILING_OPTIMAL VK_IMAGE_USAGE_COLOR_ATTACHMENT_BIT, supportsExternalMemory? 1, requiresDedicated? 0
DEBUG   | Supported: VK_FORMAT_B8G8R8A8_UNORM VK_IMAGE_TYPE_2D VK_IMAGE_TILING_OPTIMAL VK_IMAGE_USAGE_INPUT_ATTACHMENT_BIT, supportsExternalMemory? 1, requiresDedicated? 0
DEBUG   | Supported: VK_FORMAT_B8G8R8A8_UNORM VK_IMAGE_TYPE_2D VK_IMAGE_TILING_OPTIMAL VK_IMAGE_USAGE_SAMPLED_BIT, supportsExternalMemory? 1, requiresDedicated? 0
DEBUG   | Supported: VK_FORMAT_B8G8R8A8_UNORM VK_IMAGE_TYPE_2D VK_IMAGE_TILING_OPTIMAL VK_IMAGE_USAGE_TRANSFER_SRC_BIT, supportsExternalMemory? 1, requiresDedicated? 0
DEBUG   | Supported: VK_FORMAT_B8G8R8A8_UNORM VK_IMAGE_TYPE_2D VK_IMAGE_TILING_OPTIMAL VK_IMAGE_USAGE_TRANSFER_DST_BIT, supportsExternalMemory? 1, requiresDedicated? 0
DEBUG   | Supported: VK_FORMAT_B4G4R4A4_UNORM_PACK16 VK_IMAGE_TYPE_2D VK_IMAGE_TILING_LINEAR VK_IMAGE_USAGE_COLOR_ATTACHMENT_BIT, supportsExternalMemory? 1, requiresDedicated? 0
DEBUG   | Supported: VK_FORMAT_B4G4R4A4_UNORM_PACK16 VK_IMAGE_TYPE_2D VK_IMAGE_TILING_LINEAR VK_IMAGE_USAGE_INPUT_ATTACHMENT_BIT, supportsExternalMemory? 1, requiresDedicated? 0
DEBUG   | Supported: VK_FORMAT_B4G4R4A4_UNORM_PACK16 VK_IMAGE_TYPE_2D VK_IMAGE_TILING_LINEAR VK_IMAGE_USAGE_SAMPLED_BIT, supportsExternalMemory? 1, requiresDedicated? 0
DEBUG   | Supported: VK_FORMAT_B4G4R4A4_UNORM_PACK16 VK_IMAGE_TYPE_2D VK_IMAGE_TILING_LINEAR VK_IMAGE_USAGE_TRANSFER_SRC_BIT, supportsExternalMemory? 1, requiresDedicated? 0
DEBUG   | Supported: VK_FORMAT_B4G4R4A4_UNORM_PACK16 VK_IMAGE_TYPE_2D VK_IMAGE_TILING_LINEAR VK_IMAGE_USAGE_TRANSFER_DST_BIT, supportsExternalMemory? 1, requiresDedicated? 0
DEBUG   | Supported: VK_FORMAT_B4G4R4A4_UNORM_PACK16 VK_IMAGE_TYPE_2D VK_IMAGE_TILING_OPTIMAL VK_IMAGE_USAGE_COLOR_ATTACHMENT_BIT, supportsExternalMemory? 1, requiresDedicated? 0
DEBUG   | Supported: VK_FORMAT_B4G4R4A4_UNORM_PACK16 VK_IMAGE_TYPE_2D VK_IMAGE_TILING_OPTIMAL VK_IMAGE_USAGE_INPUT_ATTACHMENT_BIT, supportsExternalMemory? 1, requiresDedicated? 0
DEBUG   | Supported: VK_FORMAT_B4G4R4A4_UNORM_PACK16 VK_IMAGE_TYPE_2D VK_IMAGE_TILING_OPTIMAL VK_IMAGE_USAGE_SAMPLED_BIT, supportsExternalMemory? 1, requiresDedicated? 0
DEBUG   | Supported: VK_FORMAT_B4G4R4A4_UNORM_PACK16 VK_IMAGE_TYPE_2D VK_IMAGE_TILING_OPTIMAL VK_IMAGE_USAGE_TRANSFER_SRC_BIT, supportsExternalMemory? 1, requiresDedicated? 0
DEBUG   | Supported: VK_FORMAT_B4G4R4A4_UNORM_PACK16 VK_IMAGE_TYPE_2D VK_IMAGE_TILING_OPTIMAL VK_IMAGE_USAGE_TRANSFER_DST_BIT, supportsExternalMemory? 1, requiresDedicated? 0
DEBUG   | Supported: VK_FORMAT_R4G4B4A4_UNORM_PACK16 VK_IMAGE_TYPE_2D VK_IMAGE_TILING_LINEAR VK_IMAGE_USAGE_COLOR_ATTACHMENT_BIT, supportsExternalMemory? 1, requiresDedicated? 0
DEBUG   | Supported: VK_FORMAT_R4G4B4A4_UNORM_PACK16 VK_IMAGE_TYPE_2D VK_IMAGE_TILING_LINEAR VK_IMAGE_USAGE_INPUT_ATTACHMENT_BIT, supportsExternalMemory? 1, requiresDedicated? 0
DEBUG   | Supported: VK_FORMAT_R4G4B4A4_UNORM_PACK16 VK_IMAGE_TYPE_2D VK_IMAGE_TILING_LINEAR VK_IMAGE_USAGE_SAMPLED_BIT, supportsExternalMemory? 1, requiresDedicated? 0
DEBUG   | Supported: VK_FORMAT_R4G4B4A4_UNORM_PACK16 VK_IMAGE_TYPE_2D VK_IMAGE_TILING_LINEAR VK_IMAGE_USAGE_TRANSFER_SRC_BIT, supportsExternalMemory? 1, requiresDedicated? 0
DEBUG   | Supported: VK_FORMAT_R4G4B4A4_UNORM_PACK16 VK_IMAGE_TYPE_2D VK_IMAGE_TILING_LINEAR VK_IMAGE_USAGE_TRANSFER_DST_BIT, supportsExternalMemory? 1, requiresDedicated? 0
DEBUG   | Supported: VK_FORMAT_R4G4B4A4_UNORM_PACK16 VK_IMAGE_TYPE_2D VK_IMAGE_TILING_OPTIMAL VK_IMAGE_USAGE_COLOR_ATTACHMENT_BIT, supportsExternalMemory? 1, requiresDedicated? 0
DEBUG   | Supported: VK_FORMAT_R4G4B4A4_UNORM_PACK16 VK_IMAGE_TYPE_2D VK_IMAGE_TILING_OPTIMAL VK_IMAGE_USAGE_INPUT_ATTACHMENT_BIT, supportsExternalMemory? 1, requiresDedicated? 0
DEBUG   | Supported: VK_FORMAT_R4G4B4A4_UNORM_PACK16 VK_IMAGE_TYPE_2D VK_IMAGE_TILING_OPTIMAL VK_IMAGE_USAGE_SAMPLED_BIT, supportsExternalMemory? 1, requiresDedicated? 0
DEBUG   | Supported: VK_FORMAT_R4G4B4A4_UNORM_PACK16 VK_IMAGE_TYPE_2D VK_IMAGE_TILING_OPTIMAL VK_IMAGE_USAGE_TRANSFER_SRC_BIT, supportsExternalMemory? 1, requiresDedicated? 0
DEBUG   | Supported: VK_FORMAT_R4G4B4A4_UNORM_PACK16 VK_IMAGE_TYPE_2D VK_IMAGE_TILING_OPTIMAL VK_IMAGE_USAGE_TRANSFER_DST_BIT, supportsExternalMemory? 1, requiresDedicated? 0
DEBUG   | Supported: VK_FORMAT_R8_UNORM VK_IMAGE_TYPE_2D VK_IMAGE_TILING_LINEAR VK_IMAGE_USAGE_COLOR_ATTACHMENT_BIT, supportsExternalMemory? 1, requiresDedicated? 0
DEBUG   | Supported: VK_FORMAT_R8_UNORM VK_IMAGE_TYPE_2D VK_IMAGE_TILING_LINEAR VK_IMAGE_USAGE_INPUT_ATTACHMENT_BIT, supportsExternalMemory? 1, requiresDedicated? 0
DEBUG   | Supported: VK_FORMAT_R8_UNORM VK_IMAGE_TYPE_2D VK_IMAGE_TILING_LINEAR VK_IMAGE_USAGE_SAMPLED_BIT, supportsExternalMemory? 1, requiresDedicated? 0
DEBUG   | Supported: VK_FORMAT_R8_UNORM VK_IMAGE_TYPE_2D VK_IMAGE_TILING_LINEAR VK_IMAGE_USAGE_TRANSFER_SRC_BIT, supportsExternalMemory? 1, requiresDedicated? 0
DEBUG   | Supported: VK_FORMAT_R8_UNORM VK_IMAGE_TYPE_2D VK_IMAGE_TILING_LINEAR VK_IMAGE_USAGE_TRANSFER_DST_BIT, supportsExternalMemory? 1, requiresDedicated? 0
DEBUG   | Supported: VK_FORMAT_R8_UNORM VK_IMAGE_TYPE_2D VK_IMAGE_TILING_OPTIMAL VK_IMAGE_USAGE_COLOR_ATTACHMENT_BIT, supportsExternalMemory? 1, requiresDedicated? 0
DEBUG   | Supported: VK_FORMAT_R8_UNORM VK_IMAGE_TYPE_2D VK_IMAGE_TILING_OPTIMAL VK_IMAGE_USAGE_INPUT_ATTACHMENT_BIT, supportsExternalMemory? 1, requiresDedicated? 0
DEBUG   | Supported: VK_FORMAT_R8_UNORM VK_IMAGE_TYPE_2D VK_IMAGE_TILING_OPTIMAL VK_IMAGE_USAGE_SAMPLED_BIT, supportsExternalMemory? 1, requiresDedicated? 0
DEBUG   | Supported: VK_FORMAT_R8_UNORM VK_IMAGE_TYPE_2D VK_IMAGE_TILING_OPTIMAL VK_IMAGE_USAGE_TRANSFER_SRC_BIT, supportsExternalMemory? 1, requiresDedicated? 0
DEBUG   | Supported: VK_FORMAT_R8_UNORM VK_IMAGE_TYPE_2D VK_IMAGE_TILING_OPTIMAL VK_IMAGE_USAGE_TRANSFER_DST_BIT, supportsExternalMemory? 1, requiresDedicated? 0
DEBUG   | Supported: VK_FORMAT_R16_UNORM VK_IMAGE_TYPE_2D VK_IMAGE_TILING_LINEAR VK_IMAGE_USAGE_COLOR_ATTACHMENT_BIT, supportsExternalMemory? 1, requiresDedicated? 0
DEBUG   | Supported: VK_FORMAT_R16_UNORM VK_IMAGE_TYPE_2D VK_IMAGE_TILING_LINEAR VK_IMAGE_USAGE_INPUT_ATTACHMENT_BIT, supportsExternalMemory? 1, requiresDedicated? 0
DEBUG   | Supported: VK_FORMAT_R16_UNORM VK_IMAGE_TYPE_2D VK_IMAGE_TILING_LINEAR VK_IMAGE_USAGE_SAMPLED_BIT, supportsExternalMemory? 1, requiresDedicated? 0
DEBUG   | Supported: VK_FORMAT_R16_UNORM VK_IMAGE_TYPE_2D VK_IMAGE_TILING_LINEAR VK_IMAGE_USAGE_TRANSFER_SRC_BIT, supportsExternalMemory? 1, requiresDedicated? 0
DEBUG   | Supported: VK_FORMAT_R16_UNORM VK_IMAGE_TYPE_2D VK_IMAGE_TILING_LINEAR VK_IMAGE_USAGE_TRANSFER_DST_BIT, supportsExternalMemory? 1, requiresDedicated? 0
DEBUG   | Supported: VK_FORMAT_R16_UNORM VK_IMAGE_TYPE_2D VK_IMAGE_TILING_OPTIMAL VK_IMAGE_USAGE_COLOR_ATTACHMENT_BIT, supportsExternalMemory? 1, requiresDedicated? 0
DEBUG   | Supported: VK_FORMAT_R16_UNORM VK_IMAGE_TYPE_2D VK_IMAGE_TILING_OPTIMAL VK_IMAGE_USAGE_INPUT_ATTACHMENT_BIT, supportsExternalMemory? 1, requiresDedicated? 0
DEBUG   | Supported: VK_FORMAT_R16_UNORM VK_IMAGE_TYPE_2D VK_IMAGE_TILING_OPTIMAL VK_IMAGE_USAGE_SAMPLED_BIT, supportsExternalMemory? 1, requiresDedicated? 0
DEBUG   | Supported: VK_FORMAT_R16_UNORM VK_IMAGE_TYPE_2D VK_IMAGE_TILING_OPTIMAL VK_IMAGE_USAGE_TRANSFER_SRC_BIT, supportsExternalMemory? 1, requiresDedicated? 0
DEBUG   | Supported: VK_FORMAT_R16_UNORM VK_IMAGE_TYPE_2D VK_IMAGE_TILING_OPTIMAL VK_IMAGE_USAGE_TRANSFER_DST_BIT, supportsExternalMemory? 1, requiresDedicated? 0
DEBUG   | Not Supported: VK_FORMAT_A2R10G10B10_UINT_PACK32 VK_IMAGE_TYPE_2D VK_IMAGE_TILING_LINEAR VK_IMAGE_USAGE_COLOR_ATTACHMENT_BIT
DEBUG   | Not Supported: VK_FORMAT_A2R10G10B10_UINT_PACK32 VK_IMAGE_TYPE_2D VK_IMAGE_TILING_LINEAR VK_IMAGE_USAGE_INPUT_ATTACHMENT_BIT
DEBUG   | Not Supported: VK_FORMAT_A2R10G10B10_UINT_PACK32 VK_IMAGE_TYPE_2D VK_IMAGE_TILING_LINEAR VK_IMAGE_USAGE_SAMPLED_BIT
DEBUG   | Not Supported: VK_FORMAT_A2R10G10B10_UINT_PACK32 VK_IMAGE_TYPE_2D VK_IMAGE_TILING_LINEAR VK_IMAGE_USAGE_TRANSFER_SRC_BIT
DEBUG   | Not Supported: VK_FORMAT_A2R10G10B10_UINT_PACK32 VK_IMAGE_TYPE_2D VK_IMAGE_TILING_LINEAR VK_IMAGE_USAGE_TRANSFER_DST_BIT
DEBUG   | Not Supported: VK_FORMAT_A2R10G10B10_UINT_PACK32 VK_IMAGE_TYPE_2D VK_IMAGE_TILING_OPTIMAL VK_IMAGE_USAGE_COLOR_ATTACHMENT_BIT
DEBUG   | Not Supported: VK_FORMAT_A2R10G10B10_UINT_PACK32 VK_IMAGE_TYPE_2D VK_IMAGE_TILING_OPTIMAL VK_IMAGE_USAGE_INPUT_ATTACHMENT_BIT
DEBUG   | Not Supported: VK_FORMAT_A2R10G10B10_UINT_PACK32 VK_IMAGE_TYPE_2D VK_IMAGE_TILING_OPTIMAL VK_IMAGE_USAGE_SAMPLED_BIT
DEBUG   | Not Supported: VK_FORMAT_A2R10G10B10_UINT_PACK32 VK_IMAGE_TYPE_2D VK_IMAGE_TILING_OPTIMAL VK_IMAGE_USAGE_TRANSFER_SRC_BIT
DEBUG   | Not Supported: VK_FORMAT_A2R10G10B10_UINT_PACK32 VK_IMAGE_TYPE_2D VK_IMAGE_TILING_OPTIMAL VK_IMAGE_USAGE_TRANSFER_DST_BIT
DEBUG   | Supported: VK_FORMAT_A2R10G10B10_UNORM_PACK32 VK_IMAGE_TYPE_2D VK_IMAGE_TILING_LINEAR VK_IMAGE_USAGE_COLOR_ATTACHMENT_BIT, supportsExternalMemory? 1, requiresDedicated? 0
DEBUG   | Supported: VK_FORMAT_A2R10G10B10_UNORM_PACK32 VK_IMAGE_TYPE_2D VK_IMAGE_TILING_LINEAR VK_IMAGE_USAGE_INPUT_ATTACHMENT_BIT, supportsExternalMemory? 1, requiresDedicated? 0
DEBUG   | Supported: VK_FORMAT_A2R10G10B10_UNORM_PACK32 VK_IMAGE_TYPE_2D VK_IMAGE_TILING_LINEAR VK_IMAGE_USAGE_SAMPLED_BIT, supportsExternalMemory? 1, requiresDedicated? 0
DEBUG   | Supported: VK_FORMAT_A2R10G10B10_UNORM_PACK32 VK_IMAGE_TYPE_2D VK_IMAGE_TILING_LINEAR VK_IMAGE_USAGE_TRANSFER_SRC_BIT, supportsExternalMemory? 1, requiresDedicated? 0
DEBUG   | Supported: VK_FORMAT_A2R10G10B10_UNORM_PACK32 VK_IMAGE_TYPE_2D VK_IMAGE_TILING_LINEAR VK_IMAGE_USAGE_TRANSFER_DST_BIT, supportsExternalMemory? 1, requiresDedicated? 0
DEBUG   | Supported: VK_FORMAT_A2R10G10B10_UNORM_PACK32 VK_IMAGE_TYPE_2D VK_IMAGE_TILING_OPTIMAL VK_IMAGE_USAGE_COLOR_ATTACHMENT_BIT, supportsExternalMemory? 1, requiresDedicated? 0
DEBUG   | Supported: VK_FORMAT_A2R10G10B10_UNORM_PACK32 VK_IMAGE_TYPE_2D VK_IMAGE_TILING_OPTIMAL VK_IMAGE_USAGE_INPUT_ATTACHMENT_BIT, supportsExternalMemory? 1, requiresDedicated? 0
DEBUG   | Supported: VK_FORMAT_A2R10G10B10_UNORM_PACK32 VK_IMAGE_TYPE_2D VK_IMAGE_TILING_OPTIMAL VK_IMAGE_USAGE_SAMPLED_BIT, supportsExternalMemory? 1, requiresDedicated? 0
DEBUG   | Supported: VK_FORMAT_A2R10G10B10_UNORM_PACK32 VK_IMAGE_TYPE_2D VK_IMAGE_TILING_OPTIMAL VK_IMAGE_USAGE_TRANSFER_SRC_BIT, supportsExternalMemory? 1, requiresDedicated? 0
DEBUG   | Supported: VK_FORMAT_A2R10G10B10_UNORM_PACK32 VK_IMAGE_TYPE_2D VK_IMAGE_TILING_OPTIMAL VK_IMAGE_USAGE_TRANSFER_DST_BIT, supportsExternalMemory? 1, requiresDedicated? 0
DEBUG   | Supported: VK_FORMAT_A2B10G10R10_UNORM_PACK32 VK_IMAGE_TYPE_2D VK_IMAGE_TILING_LINEAR VK_IMAGE_USAGE_COLOR_ATTACHMENT_BIT, supportsExternalMemory? 1, requiresDedicated? 0
DEBUG   | Supported: VK_FORMAT_A2B10G10R10_UNORM_PACK32 VK_IMAGE_TYPE_2D VK_IMAGE_TILING_LINEAR VK_IMAGE_USAGE_INPUT_ATTACHMENT_BIT, supportsExternalMemory? 1, requiresDedicated? 0
DEBUG   | Supported: VK_FORMAT_A2B10G10R10_UNORM_PACK32 VK_IMAGE_TYPE_2D VK_IMAGE_TILING_LINEAR VK_IMAGE_USAGE_SAMPLED_BIT, supportsExternalMemory? 1, requiresDedicated? 0
DEBUG   | Supported: VK_FORMAT_A2B10G10R10_UNORM_PACK32 VK_IMAGE_TYPE_2D VK_IMAGE_TILING_LINEAR VK_IMAGE_USAGE_TRANSFER_SRC_BIT, supportsExternalMemory? 1, requiresDedicated? 0
DEBUG   | Supported: VK_FORMAT_A2B10G10R10_UNORM_PACK32 VK_IMAGE_TYPE_2D VK_IMAGE_TILING_LINEAR VK_IMAGE_USAGE_TRANSFER_DST_BIT, supportsExternalMemory? 1, requiresDedicated? 0
DEBUG   | Supported: VK_FORMAT_A2B10G10R10_UNORM_PACK32 VK_IMAGE_TYPE_2D VK_IMAGE_TILING_OPTIMAL VK_IMAGE_USAGE_COLOR_ATTACHMENT_BIT, supportsExternalMemory? 1, requiresDedicated? 0
DEBUG   | Supported: VK_FORMAT_A2B10G10R10_UNORM_PACK32 VK_IMAGE_TYPE_2D VK_IMAGE_TILING_OPTIMAL VK_IMAGE_USAGE_INPUT_ATTACHMENT_BIT, supportsExternalMemory? 1, requiresDedicated? 0
DEBUG   | Supported: VK_FORMAT_A2B10G10R10_UNORM_PACK32 VK_IMAGE_TYPE_2D VK_IMAGE_TILING_OPTIMAL VK_IMAGE_USAGE_SAMPLED_BIT, supportsExternalMemory? 1, requiresDedicated? 0
DEBUG   | Supported: VK_FORMAT_A2B10G10R10_UNORM_PACK32 VK_IMAGE_TYPE_2D VK_IMAGE_TILING_OPTIMAL VK_IMAGE_USAGE_TRANSFER_SRC_BIT, supportsExternalMemory? 1, requiresDedicated? 0
DEBUG   | Supported: VK_FORMAT_A2B10G10R10_UNORM_PACK32 VK_IMAGE_TYPE_2D VK_IMAGE_TILING_OPTIMAL VK_IMAGE_USAGE_TRANSFER_DST_BIT, supportsExternalMemory? 1, requiresDedicated? 0
DEBUG   | Not Supported: VK_FORMAT_ETC2_R8G8B8A8_UNORM_BLOCK VK_IMAGE_TYPE_2D VK_IMAGE_TILING_LINEAR VK_IMAGE_USAGE_COLOR_ATTACHMENT_BIT
DEBUG   | Supported: VK_FORMAT_ETC2_R8G8B8A8_UNORM_BLOCK VK_IMAGE_TYPE_2D VK_IMAGE_TILING_LINEAR VK_IMAGE_USAGE_INPUT_ATTACHMENT_BIT, supportsExternalMemory? 1, requiresDedicated? 0
DEBUG   | Not Supported: VK_FORMAT_ETC2_R8G8B8A8_UNORM_BLOCK VK_IMAGE_TYPE_2D VK_IMAGE_TILING_LINEAR VK_IMAGE_USAGE_SAMPLED_BIT
DEBUG   | Supported: VK_FORMAT_ETC2_R8G8B8A8_UNORM_BLOCK VK_IMAGE_TYPE_2D VK_IMAGE_TILING_LINEAR VK_IMAGE_USAGE_TRANSFER_SRC_BIT, supportsExternalMemory? 1, requiresDedicated? 0
DEBUG   | Supported: VK_FORMAT_ETC2_R8G8B8A8_UNORM_BLOCK VK_IMAGE_TYPE_2D VK_IMAGE_TILING_LINEAR VK_IMAGE_USAGE_TRANSFER_DST_BIT, supportsExternalMemory? 1, requiresDedicated? 0
DEBUG   | Not Supported: VK_FORMAT_ETC2_R8G8B8A8_UNORM_BLOCK VK_IMAGE_TYPE_2D VK_IMAGE_TILING_OPTIMAL VK_IMAGE_USAGE_COLOR_ATTACHMENT_BIT
DEBUG   | Supported: VK_FORMAT_ETC2_R8G8B8A8_UNORM_BLOCK VK_IMAGE_TYPE_2D VK_IMAGE_TILING_OPTIMAL VK_IMAGE_USAGE_INPUT_ATTACHMENT_BIT, supportsExternalMemory? 1, requiresDedicated? 0
DEBUG   | Supported: VK_FORMAT_ETC2_R8G8B8A8_UNORM_BLOCK VK_IMAGE_TYPE_2D VK_IMAGE_TILING_OPTIMAL VK_IMAGE_USAGE_SAMPLED_BIT, supportsExternalMemory? 1, requiresDedicated? 0
DEBUG   | Supported: VK_FORMAT_ETC2_R8G8B8A8_UNORM_BLOCK VK_IMAGE_TYPE_2D VK_IMAGE_TILING_OPTIMAL VK_IMAGE_USAGE_TRANSFER_SRC_BIT, supportsExternalMemory? 1, requiresDedicated? 0
DEBUG   | Supported: VK_FORMAT_ETC2_R8G8B8A8_UNORM_BLOCK VK_IMAGE_TYPE_2D VK_IMAGE_TILING_OPTIMAL VK_IMAGE_USAGE_TRANSFER_DST_BIT, supportsExternalMemory? 1, requiresDedicated? 0
DEBUG   | Not Supported: VK_FORMAT_ASTC_4x4_UNORM_BLOCK VK_IMAGE_TYPE_2D VK_IMAGE_TILING_LINEAR VK_IMAGE_USAGE_COLOR_ATTACHMENT_BIT
DEBUG   | Supported: VK_FORMAT_ASTC_4x4_UNORM_BLOCK VK_IMAGE_TYPE_2D VK_IMAGE_TILING_LINEAR VK_IMAGE_USAGE_INPUT_ATTACHMENT_BIT, supportsExternalMemory? 1, requiresDedicated? 0
DEBUG   | Not Supported: VK_FORMAT_ASTC_4x4_UNORM_BLOCK VK_IMAGE_TYPE_2D VK_IMAGE_TILING_LINEAR VK_IMAGE_USAGE_SAMPLED_BIT
DEBUG   | Supported: VK_FORMAT_ASTC_4x4_UNORM_BLOCK VK_IMAGE_TYPE_2D VK_IMAGE_TILING_LINEAR VK_IMAGE_USAGE_TRANSFER_SRC_BIT, supportsExternalMemory? 1, requiresDedicated? 0
DEBUG   | Supported: VK_FORMAT_ASTC_4x4_UNORM_BLOCK VK_IMAGE_TYPE_2D VK_IMAGE_TILING_LINEAR VK_IMAGE_USAGE_TRANSFER_DST_BIT, supportsExternalMemory? 1, requiresDedicated? 0
DEBUG   | Not Supported: VK_FORMAT_ASTC_4x4_UNORM_BLOCK VK_IMAGE_TYPE_2D VK_IMAGE_TILING_OPTIMAL VK_IMAGE_USAGE_COLOR_ATTACHMENT_BIT
DEBUG   | Supported: VK_FORMAT_ASTC_4x4_UNORM_BLOCK VK_IMAGE_TYPE_2D VK_IMAGE_TILING_OPTIMAL VK_IMAGE_USAGE_INPUT_ATTACHMENT_BIT, supportsExternalMemory? 1, requiresDedicated? 0
DEBUG   | Supported: VK_FORMAT_ASTC_4x4_UNORM_BLOCK VK_IMAGE_TYPE_2D VK_IMAGE_TILING_OPTIMAL VK_IMAGE_USAGE_SAMPLED_BIT, supportsExternalMemory? 1, requiresDedicated? 0
DEBUG   | Supported: VK_FORMAT_ASTC_4x4_UNORM_BLOCK VK_IMAGE_TYPE_2D VK_IMAGE_TILING_OPTIMAL VK_IMAGE_USAGE_TRANSFER_SRC_BIT, supportsExternalMemory? 1, requiresDedicated? 0
DEBUG   | Supported: VK_FORMAT_ASTC_4x4_UNORM_BLOCK VK_IMAGE_TYPE_2D VK_IMAGE_TILING_OPTIMAL VK_IMAGE_USAGE_TRANSFER_DST_BIT, supportsExternalMemory? 1, requiresDedicated? 0
DEBUG   | Not Supported: VK_FORMAT_G8_B8R8_2PLANE_420_UNORM VK_IMAGE_TYPE_2D VK_IMAGE_TILING_LINEAR VK_IMAGE_USAGE_COLOR_ATTACHMENT_BIT
DEBUG   | Supported: VK_FORMAT_G8_B8R8_2PLANE_420_UNORM VK_IMAGE_TYPE_2D VK_IMAGE_TILING_LINEAR VK_IMAGE_USAGE_INPUT_ATTACHMENT_BIT, supportsExternalMemory? 1, requiresDedicated? 0
DEBUG   | Supported: VK_FORMAT_G8_B8R8_2PLANE_420_UNORM VK_IMAGE_TYPE_2D VK_IMAGE_TILING_LINEAR VK_IMAGE_USAGE_SAMPLED_BIT, supportsExternalMemory? 1, requiresDedicated? 0
DEBUG   | Supported: VK_FORMAT_G8_B8R8_2PLANE_420_UNORM VK_IMAGE_TYPE_2D VK_IMAGE_TILING_LINEAR VK_IMAGE_USAGE_TRANSFER_SRC_BIT, supportsExternalMemory? 1, requiresDedicated? 0
DEBUG   | Supported: VK_FORMAT_G8_B8R8_2PLANE_420_UNORM VK_IMAGE_TYPE_2D VK_IMAGE_TILING_LINEAR VK_IMAGE_USAGE_TRANSFER_DST_BIT, supportsExternalMemory? 1, requiresDedicated? 0
DEBUG   | Not Supported: VK_FORMAT_G8_B8R8_2PLANE_420_UNORM VK_IMAGE_TYPE_2D VK_IMAGE_TILING_OPTIMAL VK_IMAGE_USAGE_COLOR_ATTACHMENT_BIT
DEBUG   | Supported: VK_FORMAT_G8_B8R8_2PLANE_420_UNORM VK_IMAGE_TYPE_2D VK_IMAGE_TILING_OPTIMAL VK_IMAGE_USAGE_INPUT_ATTACHMENT_BIT, supportsExternalMemory? 1, requiresDedicated? 0
DEBUG   | Supported: VK_FORMAT_G8_B8R8_2PLANE_420_UNORM VK_IMAGE_TYPE_2D VK_IMAGE_TILING_OPTIMAL VK_IMAGE_USAGE_SAMPLED_BIT, supportsExternalMemory? 1, requiresDedicated? 0
DEBUG   | Supported: VK_FORMAT_G8_B8R8_2PLANE_420_UNORM VK_IMAGE_TYPE_2D VK_IMAGE_TILING_OPTIMAL VK_IMAGE_USAGE_TRANSFER_SRC_BIT, supportsExternalMemory? 1, requiresDedicated? 0
DEBUG   | Supported: VK_FORMAT_G8_B8R8_2PLANE_420_UNORM VK_IMAGE_TYPE_2D VK_IMAGE_TILING_OPTIMAL VK_IMAGE_USAGE_TRANSFER_DST_BIT, supportsExternalMemory? 1, requiresDedicated? 0
DEBUG   | Not Supported: VK_FORMAT_G8_B8R8_2PLANE_422_UNORM VK_IMAGE_TYPE_2D VK_IMAGE_TILING_LINEAR VK_IMAGE_USAGE_COLOR_ATTACHMENT_BIT
DEBUG   | Supported: VK_FORMAT_G8_B8R8_2PLANE_422_UNORM VK_IMAGE_TYPE_2D VK_IMAGE_TILING_LINEAR VK_IMAGE_USAGE_INPUT_ATTACHMENT_BIT, supportsExternalMemory? 1, requiresDedicated? 0
DEBUG   | Supported: VK_FORMAT_G8_B8R8_2PLANE_422_UNORM VK_IMAGE_TYPE_2D VK_IMAGE_TILING_LINEAR VK_IMAGE_USAGE_SAMPLED_BIT, supportsExternalMemory? 1, requiresDedicated? 0
DEBUG   | Supported: VK_FORMAT_G8_B8R8_2PLANE_422_UNORM VK_IMAGE_TYPE_2D VK_IMAGE_TILING_LINEAR VK_IMAGE_USAGE_TRANSFER_SRC_BIT, supportsExternalMemory? 1, requiresDedicated? 0
DEBUG   | Supported: VK_FORMAT_G8_B8R8_2PLANE_422_UNORM VK_IMAGE_TYPE_2D VK_IMAGE_TILING_LINEAR VK_IMAGE_USAGE_TRANSFER_DST_BIT, supportsExternalMemory? 1, requiresDedicated? 0
DEBUG   | Not Supported: VK_FORMAT_G8_B8R8_2PLANE_422_UNORM VK_IMAGE_TYPE_2D VK_IMAGE_TILING_OPTIMAL VK_IMAGE_USAGE_COLOR_ATTACHMENT_BIT
DEBUG   | Supported: VK_FORMAT_G8_B8R8_2PLANE_422_UNORM VK_IMAGE_TYPE_2D VK_IMAGE_TILING_OPTIMAL VK_IMAGE_USAGE_INPUT_ATTACHMENT_BIT, supportsExternalMemory? 1, requiresDedicated? 0
DEBUG   | Supported: VK_FORMAT_G8_B8R8_2PLANE_422_UNORM VK_IMAGE_TYPE_2D VK_IMAGE_TILING_OPTIMAL VK_IMAGE_USAGE_SAMPLED_BIT, supportsExternalMemory? 1, requiresDedicated? 0
DEBUG   | Supported: VK_FORMAT_G8_B8R8_2PLANE_422_UNORM VK_IMAGE_TYPE_2D VK_IMAGE_TILING_OPTIMAL VK_IMAGE_USAGE_TRANSFER_SRC_BIT, supportsExternalMemory? 1, requiresDedicated? 0
DEBUG   | Supported: VK_FORMAT_G8_B8R8_2PLANE_422_UNORM VK_IMAGE_TYPE_2D VK_IMAGE_TILING_OPTIMAL VK_IMAGE_USAGE_TRANSFER_DST_BIT, supportsExternalMemory? 1, requiresDedicated? 0
DEBUG   | Not Supported: VK_FORMAT_G8_B8_R8_3PLANE_420_UNORM VK_IMAGE_TYPE_2D VK_IMAGE_TILING_LINEAR VK_IMAGE_USAGE_COLOR_ATTACHMENT_BIT
DEBUG   | Supported: VK_FORMAT_G8_B8_R8_3PLANE_420_UNORM VK_IMAGE_TYPE_2D VK_IMAGE_TILING_LINEAR VK_IMAGE_USAGE_INPUT_ATTACHMENT_BIT, supportsExternalMemory? 1, requiresDedicated? 0
DEBUG   | Supported: VK_FORMAT_G8_B8_R8_3PLANE_420_UNORM VK_IMAGE_TYPE_2D VK_IMAGE_TILING_LINEAR VK_IMAGE_USAGE_SAMPLED_BIT, supportsExternalMemory? 1, requiresDedicated? 0
DEBUG   | Supported: VK_FORMAT_G8_B8_R8_3PLANE_420_UNORM VK_IMAGE_TYPE_2D VK_IMAGE_TILING_LINEAR VK_IMAGE_USAGE_TRANSFER_SRC_BIT, supportsExternalMemory? 1, requiresDedicated? 0
DEBUG   | Supported: VK_FORMAT_G8_B8_R8_3PLANE_420_UNORM VK_IMAGE_TYPE_2D VK_IMAGE_TILING_LINEAR VK_IMAGE_USAGE_TRANSFER_DST_BIT, supportsExternalMemory? 1, requiresDedicated? 0
DEBUG   | Not Supported: VK_FORMAT_G8_B8_R8_3PLANE_420_UNORM VK_IMAGE_TYPE_2D VK_IMAGE_TILING_OPTIMAL VK_IMAGE_USAGE_COLOR_ATTACHMENT_BIT
DEBUG   | Supported: VK_FORMAT_G8_B8_R8_3PLANE_420_UNORM VK_IMAGE_TYPE_2D VK_IMAGE_TILING_OPTIMAL VK_IMAGE_USAGE_INPUT_ATTACHMENT_BIT, supportsExternalMemory? 1, requiresDedicated? 0
DEBUG   | Supported: VK_FORMAT_G8_B8_R8_3PLANE_420_UNORM VK_IMAGE_TYPE_2D VK_IMAGE_TILING_OPTIMAL VK_IMAGE_USAGE_SAMPLED_BIT, supportsExternalMemory? 1, requiresDedicated? 0
DEBUG   | Supported: VK_FORMAT_G8_B8_R8_3PLANE_420_UNORM VK_IMAGE_TYPE_2D VK_IMAGE_TILING_OPTIMAL VK_IMAGE_USAGE_TRANSFER_SRC_BIT, supportsExternalMemory? 1, requiresDedicated? 0
DEBUG   | Supported: VK_FORMAT_G8_B8_R8_3PLANE_420_UNORM VK_IMAGE_TYPE_2D VK_IMAGE_TILING_OPTIMAL VK_IMAGE_USAGE_TRANSFER_DST_BIT, supportsExternalMemory? 1, requiresDedicated? 0
DEBUG   | Not Supported: VK_FORMAT_G8_B8_R8_3PLANE_422_UNORM VK_IMAGE_TYPE_2D VK_IMAGE_TILING_LINEAR VK_IMAGE_USAGE_COLOR_ATTACHMENT_BIT
DEBUG   | Supported: VK_FORMAT_G8_B8_R8_3PLANE_422_UNORM VK_IMAGE_TYPE_2D VK_IMAGE_TILING_LINEAR VK_IMAGE_USAGE_INPUT_ATTACHMENT_BIT, supportsExternalMemory? 1, requiresDedicated? 0
DEBUG   | Supported: VK_FORMAT_G8_B8_R8_3PLANE_422_UNORM VK_IMAGE_TYPE_2D VK_IMAGE_TILING_LINEAR VK_IMAGE_USAGE_SAMPLED_BIT, supportsExternalMemory? 1, requiresDedicated? 0
DEBUG   | Supported: VK_FORMAT_G8_B8_R8_3PLANE_422_UNORM VK_IMAGE_TYPE_2D VK_IMAGE_TILING_LINEAR VK_IMAGE_USAGE_TRANSFER_SRC_BIT, supportsExternalMemory? 1, requiresDedicated? 0
DEBUG   | Supported: VK_FORMAT_G8_B8_R8_3PLANE_422_UNORM VK_IMAGE_TYPE_2D VK_IMAGE_TILING_LINEAR VK_IMAGE_USAGE_TRANSFER_DST_BIT, supportsExternalMemory? 1, requiresDedicated? 0
DEBUG   | Not Supported: VK_FORMAT_G8_B8_R8_3PLANE_422_UNORM VK_IMAGE_TYPE_2D VK_IMAGE_TILING_OPTIMAL VK_IMAGE_USAGE_COLOR_ATTACHMENT_BIT
DEBUG   | Supported: VK_FORMAT_G8_B8_R8_3PLANE_422_UNORM VK_IMAGE_TYPE_2D VK_IMAGE_TILING_OPTIMAL VK_IMAGE_USAGE_INPUT_ATTACHMENT_BIT, supportsExternalMemory? 1, requiresDedicated? 0
DEBUG   | Supported: VK_FORMAT_G8_B8_R8_3PLANE_422_UNORM VK_IMAGE_TYPE_2D VK_IMAGE_TILING_OPTIMAL VK_IMAGE_USAGE_SAMPLED_BIT, supportsExternalMemory? 1, requiresDedicated? 0
DEBUG   | Supported: VK_FORMAT_G8_B8_R8_3PLANE_422_UNORM VK_IMAGE_TYPE_2D VK_IMAGE_TILING_OPTIMAL VK_IMAGE_USAGE_TRANSFER_SRC_BIT, supportsExternalMemory? 1, requiresDedicated? 0
DEBUG   | Supported: VK_FORMAT_G8_B8_R8_3PLANE_422_UNORM VK_IMAGE_TYPE_2D VK_IMAGE_TILING_OPTIMAL VK_IMAGE_USAGE_TRANSFER_DST_BIT, supportsExternalMemory? 1, requiresDedicated? 0
DEBUG   | Not Supported: VK_FORMAT_G10X6_B10X6R10X6_2PLANE_420_UNORM_3PACK16 VK_IMAGE_TYPE_2D VK_IMAGE_TILING_LINEAR VK_IMAGE_USAGE_COLOR_ATTACHMENT_BIT
DEBUG   | Not Supported: VK_FORMAT_G10X6_B10X6R10X6_2PLANE_420_UNORM_3PACK16 VK_IMAGE_TYPE_2D VK_IMAGE_TILING_LINEAR VK_IMAGE_USAGE_INPUT_ATTACHMENT_BIT
DEBUG   | Not Supported: VK_FORMAT_G10X6_B10X6R10X6_2PLANE_420_UNORM_3PACK16 VK_IMAGE_TYPE_2D VK_IMAGE_TILING_LINEAR VK_IMAGE_USAGE_SAMPLED_BIT
DEBUG   | Not Supported: VK_FORMAT_G10X6_B10X6R10X6_2PLANE_420_UNORM_3PACK16 VK_IMAGE_TYPE_2D VK_IMAGE_TILING_LINEAR VK_IMAGE_USAGE_TRANSFER_SRC_BIT
DEBUG   | Not Supported: VK_FORMAT_G10X6_B10X6R10X6_2PLANE_420_UNORM_3PACK16 VK_IMAGE_TYPE_2D VK_IMAGE_TILING_LINEAR VK_IMAGE_USAGE_TRANSFER_DST_BIT
DEBUG   | Not Supported: VK_FORMAT_G10X6_B10X6R10X6_2PLANE_420_UNORM_3PACK16 VK_IMAGE_TYPE_2D VK_IMAGE_TILING_OPTIMAL VK_IMAGE_USAGE_COLOR_ATTACHMENT_BIT
DEBUG   | Not Supported: VK_FORMAT_G10X6_B10X6R10X6_2PLANE_420_UNORM_3PACK16 VK_IMAGE_TYPE_2D VK_IMAGE_TILING_OPTIMAL VK_IMAGE_USAGE_INPUT_ATTACHMENT_BIT
DEBUG   | Not Supported: VK_FORMAT_G10X6_B10X6R10X6_2PLANE_420_UNORM_3PACK16 VK_IMAGE_TYPE_2D VK_IMAGE_TILING_OPTIMAL VK_IMAGE_USAGE_SAMPLED_BIT
DEBUG   | Not Supported: VK_FORMAT_G10X6_B10X6R10X6_2PLANE_420_UNORM_3PACK16 VK_IMAGE_TYPE_2D VK_IMAGE_TILING_OPTIMAL VK_IMAGE_USAGE_TRANSFER_SRC_BIT
DEBUG   | Not Supported: VK_FORMAT_G10X6_B10X6R10X6_2PLANE_420_UNORM_3PACK16 VK_IMAGE_TYPE_2D VK_IMAGE_TILING_OPTIMAL VK_IMAGE_USAGE_TRANSFER_DST_BIT
DEBUG   | Supported: VK_FORMAT_D16_UNORM VK_IMAGE_TYPE_2D VK_IMAGE_TILING_OPTIMAL VK_IMAGE_USAGE_DEPTH_STENCIL_ATTACHMENT_BIT, supportsExternalMemory? 1, requiresDedicated? 0
DEBUG   | Supported: VK_FORMAT_D16_UNORM VK_IMAGE_TYPE_2D VK_IMAGE_TILING_OPTIMAL VK_IMAGE_USAGE_INPUT_ATTACHMENT_BIT, supportsExternalMemory? 1, requiresDedicated? 0
DEBUG   | Supported: VK_FORMAT_D16_UNORM VK_IMAGE_TYPE_2D VK_IMAGE_TILING_OPTIMAL VK_IMAGE_USAGE_SAMPLED_BIT, supportsExternalMemory? 1, requiresDedicated? 0
DEBUG   | Supported: VK_FORMAT_D16_UNORM VK_IMAGE_TYPE_2D VK_IMAGE_TILING_OPTIMAL VK_IMAGE_USAGE_TRANSFER_SRC_BIT, supportsExternalMemory? 1, requiresDedicated? 0
DEBUG   | Supported: VK_FORMAT_D16_UNORM VK_IMAGE_TYPE_2D VK_IMAGE_TILING_OPTIMAL VK_IMAGE_USAGE_TRANSFER_DST_BIT, supportsExternalMemory? 1, requiresDedicated? 0
DEBUG   | Supported: VK_FORMAT_X8_D24_UNORM_PACK32 VK_IMAGE_TYPE_2D VK_IMAGE_TILING_OPTIMAL VK_IMAGE_USAGE_DEPTH_STENCIL_ATTACHMENT_BIT, supportsExternalMemory? 1, requiresDedicated? 0
DEBUG   | Supported: VK_FORMAT_X8_D24_UNORM_PACK32 VK_IMAGE_TYPE_2D VK_IMAGE_TILING_OPTIMAL VK_IMAGE_USAGE_INPUT_ATTACHMENT_BIT, supportsExternalMemory? 1, requiresDedicated? 0
DEBUG   | Supported: VK_FORMAT_X8_D24_UNORM_PACK32 VK_IMAGE_TYPE_2D VK_IMAGE_TILING_OPTIMAL VK_IMAGE_USAGE_SAMPLED_BIT, supportsExternalMemory? 1, requiresDedicated? 0
DEBUG   | Supported: VK_FORMAT_X8_D24_UNORM_PACK32 VK_IMAGE_TYPE_2D VK_IMAGE_TILING_OPTIMAL VK_IMAGE_USAGE_TRANSFER_SRC_BIT, supportsExternalMemory? 1, requiresDedicated? 0
DEBUG   | Supported: VK_FORMAT_X8_D24_UNORM_PACK32 VK_IMAGE_TYPE_2D VK_IMAGE_TILING_OPTIMAL VK_IMAGE_USAGE_TRANSFER_DST_BIT, supportsExternalMemory? 1, requiresDedicated? 0
DEBUG   | Supported: VK_FORMAT_D24_UNORM_S8_UINT VK_IMAGE_TYPE_2D VK_IMAGE_TILING_OPTIMAL VK_IMAGE_USAGE_DEPTH_STENCIL_ATTACHMENT_BIT, supportsExternalMemory? 1, requiresDedicated? 0
DEBUG   | Supported: VK_FORMAT_D24_UNORM_S8_UINT VK_IMAGE_TYPE_2D VK_IMAGE_TILING_OPTIMAL VK_IMAGE_USAGE_INPUT_ATTACHMENT_BIT, supportsExternalMemory? 1, requiresDedicated? 0
DEBUG   | Supported: VK_FORMAT_D24_UNORM_S8_UINT VK_IMAGE_TYPE_2D VK_IMAGE_TILING_OPTIMAL VK_IMAGE_USAGE_SAMPLED_BIT, supportsExternalMemory? 1, requiresDedicated? 0
DEBUG   | Supported: VK_FORMAT_D24_UNORM_S8_UINT VK_IMAGE_TYPE_2D VK_IMAGE_TILING_OPTIMAL VK_IMAGE_USAGE_TRANSFER_SRC_BIT, supportsExternalMemory? 1, requiresDedicated? 0
DEBUG   | Supported: VK_FORMAT_D24_UNORM_S8_UINT VK_IMAGE_TYPE_2D VK_IMAGE_TILING_OPTIMAL VK_IMAGE_USAGE_TRANSFER_DST_BIT, supportsExternalMemory? 1, requiresDedicated? 0
DEBUG   | Supported: VK_FORMAT_D32_SFLOAT VK_IMAGE_TYPE_2D VK_IMAGE_TILING_OPTIMAL VK_IMAGE_USAGE_DEPTH_STENCIL_ATTACHMENT_BIT, supportsExternalMemory? 1, requiresDedicated? 0
DEBUG   | Supported: VK_FORMAT_D32_SFLOAT VK_IMAGE_TYPE_2D VK_IMAGE_TILING_OPTIMAL VK_IMAGE_USAGE_INPUT_ATTACHMENT_BIT, supportsExternalMemory? 1, requiresDedicated? 0
DEBUG   | Supported: VK_FORMAT_D32_SFLOAT VK_IMAGE_TYPE_2D VK_IMAGE_TILING_OPTIMAL VK_IMAGE_USAGE_SAMPLED_BIT, supportsExternalMemory? 1, requiresDedicated? 0
DEBUG   | Supported: VK_FORMAT_D32_SFLOAT VK_IMAGE_TYPE_2D VK_IMAGE_TILING_OPTIMAL VK_IMAGE_USAGE_TRANSFER_SRC_BIT, supportsExternalMemory? 1, requiresDedicated? 0
DEBUG   | Supported: VK_FORMAT_D32_SFLOAT VK_IMAGE_TYPE_2D VK_IMAGE_TILING_OPTIMAL VK_IMAGE_USAGE_TRANSFER_DST_BIT, supportsExternalMemory? 1, requiresDedicated? 0
DEBUG   | Supported: VK_FORMAT_D32_SFLOAT_S8_UINT VK_IMAGE_TYPE_2D VK_IMAGE_TILING_OPTIMAL VK_IMAGE_USAGE_DEPTH_STENCIL_ATTACHMENT_BIT, supportsExternalMemory? 1, requiresDedicated? 0
DEBUG   | Supported: VK_FORMAT_D32_SFLOAT_S8_UINT VK_IMAGE_TYPE_2D VK_IMAGE_TILING_OPTIMAL VK_IMAGE_USAGE_INPUT_ATTACHMENT_BIT, supportsExternalMemory? 1, requiresDedicated? 0
DEBUG   | Supported: VK_FORMAT_D32_SFLOAT_S8_UINT VK_IMAGE_TYPE_2D VK_IMAGE_TILING_OPTIMAL VK_IMAGE_USAGE_SAMPLED_BIT, supportsExternalMemory? 1, requiresDedicated? 0
DEBUG   | Supported: VK_FORMAT_D32_SFLOAT_S8_UINT VK_IMAGE_TYPE_2D VK_IMAGE_TILING_OPTIMAL VK_IMAGE_USAGE_TRANSFER_SRC_BIT, supportsExternalMemory? 1, requiresDedicated? 0
DEBUG   | Supported: VK_FORMAT_D32_SFLOAT_S8_UINT VK_IMAGE_TYPE_2D VK_IMAGE_TILING_OPTIMAL VK_IMAGE_USAGE_TRANSFER_DST_BIT, supportsExternalMemory? 1, requiresDedicated? 0
INFO         | Selecting Vulkan device: Intel(R) UHD Graphics, Version: 1.3.261
DEBUG   | Crash dump message: 'Selecting Vulkan device: Intel(R) UHD Graphics, Version: 1.3.261'
INFO         | Using Vulkan externalMemoryMode: OpaqueWin32 for VkEmulation
DEBUG   | VkEmulation deviceInfo:
DEBUG   |     hasGraphicsQueueFamily = true
DEBUG   |     hasComputeQueueFamily = true
DEBUG   |     externalMemoryMode = OpaqueWin32
DEBUG   |     supportsExternalMemoryImport = true
DEBUG   |     supportsExternalMemoryExport = true
DEBUG   |     supportsDmaBuf = false
DEBUG   |     supportsDriverProperties = true
DEBUG   |     supportsExternalMemoryHostProps = true
DEBUG   |     hasSamplerYcbcrConversionExtension = true
DEBUG   |     supportsSamplerYcbcrConversion = true
DEBUG   |     glInteropSupported = false
DEBUG   |     hasNvidiaDeviceDiagnosticCheckpointsExtension = true
DEBUG   |     supportsNvidiaDeviceDiagnosticCheckpoints = false
DEBUG   |     supportsPrivateData = true
DEBUG   | Crash dump message: 'VkEmulation deviceInfo: 
hasGraphicsQueueFamily = 1
hasComputeQueueFamily = 1
externalMemoryMode = OpaqueWin32
supportsExternalMemoryImport = 1
supportsExternalMemoryExport = 1
supportsDriverProperties = 1
supportsExternalMemoryHostProps = 1
hasSamplerYcbcrConversionExtension = 1
supportsSamplerYcbcrConversion = 1
glInteropSupported = 0
hasNvidiaDeviceDiagnosticCheckpointsExtension = 1
supportsNvidiaDeviceDiagnosticCheckpoints = 0
supportsPrivateData = 1
'
DEBUG   | Vulkan logical device created and extension functions obtained.
DEBUG   | Vulkan device queue obtained.
VERBOSE | create: selected memory type index = 2, propertyFlags = 15, heapIndex = 0
VERBOSE | Creating YCbCr sampler for VK_FORMAT_G8_B8R8_2PLANE_420_UNORM
VERBOSE | Creating YCbCr sampler for VK_FORMAT_G8_B8R8_2PLANE_420_UNORM
VERBOSE | Creating YCbCr sampler for VK_FORMAT_G8_B8_R8_3PLANE_420_UNORM
VERBOSE | Creating YCbCr sampler for VK_FORMAT_G8_B8_R8_3PLANE_420_UNORM
VERBOSE | Vulkan global emulation state successfully initialized.
DEBUG   | Crash dump message: 'Vulkan emulation initialized'
DEBUG   | (anonymous namespace)::WinEngine::WinEngine: Trying to load opengl32.dll

VERBOSE | SharedLibrary::open for [opengl32.dll]: not found in map, open for the first time
VERBOSE | SharedLibrary::open for [opengl32.dll] (win32): call LoadLibrary
VERBOSE | SharedLibrary::open succeeded for [opengl32.dll]. File name: [C:\WINDOWS\SYSTEM32\opengl32.DLL]
DEBUG   | (anonymous namespace)::WinEngine::WinEngine: Library loaded at 0000019C586C8510

DEBUG   | (anonymous namespace)::WinEngine::WinEngine: Dispatch initialized

DEBUG   | call eglInitialize
VERBOSE | SharedLibrary::open for [libshadertranslator.dll]: not found in map, open for the first time
VERBOSE | SharedLibrary::open for [libshadertranslator.dll] (win32): call LoadLibrary
VERBOSE | SharedLibrary::open succeeded for [libshadertranslator.dll]. File name: [C:\@Work\POC\android-sdk\emulator\lib64\libshadertranslator.dll]
DEBUG   | Create: Maximum Vulkan API version will be limited
DEBUG   | glvk interop final: 0
INFO         | Initializing VkEmulation features:
INFO         |     glInteropSupported: false
INFO         |     useDeferredCommands: true
INFO         |     createResourceWithRequirements: true
INFO         |     useVulkanComposition: false
INFO         |     useVulkanNativeSwapchain: false
INFO         |     enable guestRenderDoc: false
INFO         |     ASTC LDR emulation mode: Gpu
INFO         |     enable ETC2 emulation: true
INFO         |     enable Ycbcr emulation: false
INFO         |     guestVulkanOnly: false
INFO         |     useDedicatedAllocations: false
INFO         |     guestVulkanMaxApiVersion: 1.3.0
INFO         |     enableProtectedMemoryEmulation: false
DEBUG   | ColorBuffer 4294967295, 64x64, VK_FORMAT_R8G8B8A8_UNORM, Memory [size: 16384, type: 0, props: 1 / 1]
DEBUG   | Representative ColorBuffer memory type using host memory type index 0 and guest memory type index :0
DEBUG   | Performing composition using CompositorGl.
INFO         | Graphics Adapter Vendor Google (Intel)
INFO         | Graphics Adapter Android Emulator OpenGL ES Translator (Intel(R) UHD Graphics)
INFO         | Graphics API Version OpenGL ES 3.0 (4.5.0 - Build 31.0.101.4887)
INFO         | Graphics API Extensions GL_OES_EGL_sync GL_OES_EGL_image GL_OES_EGL_image_external GL_OES_depth24 GL_OES_depth32 GL_OES_element_index_uint GL_OES_texture_float GL_OES_texture_float_linear GL_OES_compressed_paletted_texture GL_OES_compressed_ETC1_RGB8_texture GL_OES_depth_texture GL_OES_texture_half_float GL_OES_texture_half_float_linear GL_OES_packed_depth_stencil GL_OES_vertex_half_float GL_OES_texture_npot GL_OES_rgb8_rgba8 GL_EXT_color_buffer_float GL_EXT_color_buffer_half_float GL_EXT_texture_format_BGRA8888 GL_APPLE_texture_format_BGRA8888 
INFO         | Graphics Device Extensions N/A
INFO         | Disabling sparse binding feature support
DEBUG   | Renderer initialized successfully
INFO         | Setting vsync to 60 hz
DEBUG   | CMD_SET_VSYNC_HZ
DEBUG   | Exited a loader RenderThread @0000019C663A4440
INFO         | Sending adb public key [QAAAADXVtWnjagxvpwp1ApoCoECVWflRkVZ89O5Hb+hKZVIMM1adrsW509wkN8pjA+ZKdCqso6IwoMlQ36bX4yylf1OaYd2vR5p0VNyTuUDZ5cTC4YxNsRR/6csGqCy5BUDRm0CdC/Y6FAvPkdhaoJ3q0jdB//LXXEfahEJZwm9QzukTsq5czetcLp26m+VEsmbZFL4W+nF+vvBKcyVZ5X1BnlhUXmEn84H3y9p7Jyry++XHi8jzO6le2sHbOaFFE4KAY9JHd4Egj8SrWlYEBv5PWoMA9qarHbqPJzY4G71IAIeH69QtrU0xeXwD81UZ6/yemLIKmgDW85ceVM6Fox/iyG+GS1TEYSaZ1DnPwRU5j9RG466wh+VG2+UXqV6qhjNcb6EQ/S29xqQl/4BgITZ+aflSSinVBQtaL/P1WI7OeBkedSozQT/80IwIAhohLFR9NeylfDfAyAWyB/XYpTQp+C0Y65PKBasbIG78bFbZLxTIfwrNfliZ9EkKNcEKzLR3ZO4WJN3aI/bb/sIeKHpedusDVj1jqXof+rJvnluij7UcWLWDNgdUq/MGy+RDqW6Ydbx0dMKlJjMv5bmirVDmDehl+TtIzJyqysx2nyOWM7U+FPHaLbia3WOK32K1GAs5JNN5ISPbv+6dUgWfphpVW9p70S1z7FhqbXKaXVmucwh5UB8UjwEAAQA= @unknown]
INFO         | Userspace boot properties:
INFO         |   androidboot.boot_devices=pci0000:00/0000:00:03.0 pci0000:00/0000:00:06.0
INFO         |   androidboot.dalvik.vm.heapsize=576m
INFO         |   androidboot.debug.hwui.renderer=skiagl
INFO         |   androidboot.hardware=ranchu
INFO         |   androidboot.hardware.gltransport=pipe
INFO         |   androidboot.hardware.vulkan=ranchu
INFO         |   androidboot.logcat=*:V
INFO         |   androidboot.opengles.version=196608
INFO         |   androidboot.qemu=1
INFO         |   androidboot.qemu.adb.pubkey=QAAAADXVtWnjagxvpwp1ApoCoECVWflRkVZ89O5Hb+hKZVIMM1adrsW509wkN8pjA+ZKdCqso6IwoMlQ36bX4yylf1OaYd2vR5p0VNyTuUDZ5cTC4YxNsRR/6csGqCy5BUDRm0CdC/Y6FAvPkdhaoJ3q0jdB//LXXEfahEJZwm9QzukTsq5czetcLp26m+VEsmbZFL4W+nF+vvBKcyVZ5X1BnlhUXmEn84H3y9p7Jyry++XHi8jzO6le2sHbOaFFE4KAY9JHd4Egj8SrWlYEBv5PWoMA9qarHbqPJzY4G71IAIeH69QtrU0xeXwD81UZ6/yemLIKmgDW85ceVM6Fox/iyG+GS1TEYSaZ1DnPwRU5j9RG466wh+VG2+UXqV6qhjNcb6EQ/S29xqQl/4BgITZ+aflSSinVBQtaL/P1WI7OeBkedSozQT/80IwIAhohLFR9NeylfDfAyAWyB/XYpTQp+C0Y65PKBasbIG78bFbZLxTIfwrNfliZ9EkKNcEKzLR3ZO4WJN3aI/bb/sIeKHpedusDVj1jqXof+rJvnluij7UcWLWDNgdUq/MGy+RDqW6Ydbx0dMKlJjMv5bmirVDmDehl+TtIzJyqysx2nyOWM7U+FPHaLbia3WOK32K1GAs5JNN5ISPbv+6dUgWfphpVW9p70S1z7FhqbXKaXVmucwh5UB8UjwEAAQA= @unknown
INFO         |   androidboot.qemu.avd_name=connectly_test
INFO         |   androidboot.qemu.camera_hq_edge_processing=0
INFO         |   androidboot.qemu.camera_protocol_ver=1
INFO         |   androidboot.qemu.cpuvulkan.version=4206592
INFO         |   androidboot.qemu.gltransport.drawFlushInterval=800
INFO         |   androidboot.qemu.gltransport.name=pipe
INFO         |   androidboot.qemu.hwcodec.avcdec=2
INFO         |   androidboot.qemu.hwcodec.hevcdec=2
INFO         |   androidboot.qemu.hwcodec.vpxdec=2
INFO         |   androidboot.qemu.settings.system.screen_off_timeout=2147483647
INFO         |   androidboot.qemu.skin=1080x2400
INFO         |   androidboot.qemu.virtiowifi=1
INFO         |   androidboot.qemu.vsync=60
INFO         |   androidboot.serialno=EMULATOR37X1X11X0
INFO         |   androidboot.vbmeta.digest=451e57ed688ff746d2c636d52169ade253e2bc5bb30a5c3ff23679ca15d3bcd3
INFO         |   androidboot.vbmeta.hash_alg=sha256
INFO         |   androidboot.vbmeta.size=6656
INFO         |   androidboot.veritymode=enforcing
INFO         | Android bootconfig:
INFO         |   androidboot.boot_devices="pci0000:00/0000:00:03.0 pci0000:00/0000:00:06.0"
INFO         |   androidboot.dalvik.vm.heapsize="576m"
INFO         |   androidboot.debug.hwui.renderer="skiagl"
INFO         |   androidboot.hardware="ranchu"
INFO         |   androidboot.hardware.gltransport="pipe"
INFO         |   androidboot.hardware.vulkan="ranchu"
INFO         |   androidboot.logcat="*:V"
INFO         |   androidboot.opengles.version="196608"
INFO         |   androidboot.qemu="1"
INFO         |   androidboot.qemu.adb.pubkey="QAAAADXVtWnjagxvpwp1ApoCoECVWflRkVZ89O5Hb+hKZVIMM1adrsW509wkN8pjA+ZKdCqso6IwoMlQ36bX4yylf1OaYd2vR5p0VNyTuUDZ5cTC4YxNsRR/6csGqCy5BUDRm0CdC/Y6FAvPkdhaoJ3q0jdB//LXXEfahEJZwm9QzukTsq5czetcLp26m+VEsmbZFL4W+nF+vvBKcyVZ5X1BnlhUXmEn84H3y9p7Jyry++XHi8jzO6le2sHbOaFFE4KAY9JHd4Egj8SrWlYEBv5PWoMA9qarHbqPJzY4G71IAIeH69QtrU0xeXwD81UZ6/yemLIKmgDW85ceVM6Fox/iyG+GS1TEYSaZ1DnPwRU5j9RG466wh+VG2+UXqV6qhjNcb6EQ/S29xqQl/4BgITZ+aflSSinVBQtaL/P1WI7OeBkedSozQT/80IwIAhohLFR9NeylfDfAyAWyB/XYpTQp+C0Y65PKBasbIG78bFbZLxTIfwrNfliZ9EkKNcEKzLR3ZO4WJN3aI/bb/sIeKHpedusDVj1jqXof+rJvnluij7UcWLWDNgdUq/MGy+RDqW6Ydbx0dMKlJjMv5bmirVDmDehl+TtIzJyqysx2nyOWM7U+FPHaLbia3WOK32K1GAs5JNN5ISPbv+6dUgWfphpVW9p70S1z7FhqbXKaXVmucwh5UB8UjwEAAQA= @unknown"
INFO         |   androidboot.qemu.avd_name="connectly_test"
INFO         |   androidboot.qemu.camera_hq_edge_processing="0"
INFO         |   androidboot.qemu.camera_protocol_ver="1"
INFO         |   androidboot.qemu.cpuvulkan.version="4206592"
INFO         |   androidboot.qemu.gltransport.drawFlushInterval="800"
INFO         |   androidboot.qemu.gltransport.name="pipe"
INFO         |   androidboot.qemu.hwcodec.avcdec="2"
INFO         |   androidboot.qemu.hwcodec.hevcdec="2"
INFO         |   androidboot.qemu.hwcodec.vpxdec="2"
INFO         |   androidboot.qemu.settings.system.screen_off_timeout="2147483647"
INFO         |   androidboot.qemu.skin="1080x2400"
INFO         |   androidboot.qemu.virtiowifi="1"
INFO         |   androidboot.qemu.vsync="60"
INFO         |   androidboot.serialno="EMULATOR37X1X11X0"
INFO         |   androidboot.vbmeta.digest="451e57ed688ff746d2c636d52169ade253e2bc5bb30a5c3ff23679ca15d3bcd3"
INFO         |   androidboot.vbmeta.hash_alg="sha256"
INFO         |   androidboot.vbmeta.size="6656"
INFO         |   androidboot.veritymode="enforcing"
DEBUG   | Found 3 DNS servers:
DEBUG   | 	192.168.1.254
DEBUG   | 	2402:e280:21fd:700::1
DEBUG   | 	2606:4700:4700::1001
INFO         | Content of hardware configuration file:
INFO         | 	hw.cpu.arch = x86_64
INFO         | 	hw.cpu.ncore = 4
INFO         | 	hw.ramSize = 2560
INFO         | 	hw.screen = multi-touch
INFO         | 	hw.mainKeys = false
INFO         | 	hw.touchpad0 = false
INFO         | 	hw.touchpad0.width = 600
INFO         | 	hw.touchpad0.height = 400
INFO         | 	hw.trackBall = false
INFO         | 	hw.keyboard = false
INFO         | 	hw.keyboard.lid = true
INFO         | 	hw.keyboard.charmap = qwerty2
INFO         | 	hw.dPad = false
INFO         | 	hw.rotaryInput = false
INFO         | 	hw.gsmModem = true
INFO         | 	hw.gps = true
INFO         | 	hw.battery = true
INFO         | 	hw.accelerometer = true
INFO         | 	hw.accelerometer_uncalibrated = true
INFO         | 	hw.gyroscope = true
INFO         | 	hw.audioInput = true
INFO         | 	hw.audioOutput = true
INFO         | 	hw.sdCard = true
INFO         | 	disk.cachePartition = true
INFO         | 	disk.cachePartition.path = C:\Users\CZUVWD\.android\avd\..\avd\connectly_test.avd\cache.img
INFO         | 	disk.cachePartition.size = 66m
INFO         | 	test.quitAfterBootTimeOut = -1
INFO         | 	test.delayAdbTillBootComplete = 0
INFO         | 	test.monitorAdb = 0
INFO         | 	hw.lcd.width = 1080
INFO         | 	hw.lcd.height = 2400
INFO         | 	hw.lcd.depth = 32
INFO         | 	hw.lcd.circular = false
INFO         | 	hw.lcd.density = 420
INFO         | 	hw.lcd.transparent = false
INFO         | 	hw.lcd.backlight = true
INFO         | 	hw.lcd.vsync = 60
INFO         | 	hw.gltransport = pipe
INFO         | 	hw.gltransport.asg.writeBufferSize = 1048576
INFO         | 	hw.gltransport.asg.writeStepSize = 4096
INFO         | 	hw.gltransport.asg.dataRingSize = 32768
INFO         | 	hw.gltransport.drawFlushInterval = 800
INFO         | 	hw.displayRegion.0.1.xOffset = -1
INFO         | 	hw.displayRegion.0.1.yOffset = -1
INFO         | 	hw.displayRegion.0.1.width = 0
INFO         | 	hw.displayRegion.0.1.height = 0
INFO         | 	hw.displayRegion.0.2.xOffset = -1
INFO         | 	hw.displayRegion.0.2.yOffset = -1
INFO         | 	hw.displayRegion.0.2.width = 0
INFO         | 	hw.displayRegion.0.2.height = 0
INFO         | 	hw.displayRegion.0.3.xOffset = -1
INFO         | 	hw.displayRegion.0.3.yOffset = -1
INFO         | 	hw.displayRegion.0.3.width = 0
INFO         | 	hw.displayRegion.0.3.height = 0
INFO         | 	hw.display1.width = 0
INFO         | 	hw.display1.height = 0
INFO         | 	hw.display1.density = 0
INFO         | 	hw.display1.xOffset = -1
INFO         | 	hw.display1.yOffset = -1
INFO         | 	hw.display1.flag = 0
INFO         | 	hw.display2.width = 0
INFO         | 	hw.display2.height = 0
INFO         | 	hw.display2.density = 0
INFO         | 	hw.display2.xOffset = -1
INFO         | 	hw.display2.yOffset = -1
INFO         | 	hw.display2.flag = 0
INFO         | 	hw.display3.width = 0
INFO         | 	hw.display3.height = 0
INFO         | 	hw.display3.density = 0
INFO         | 	hw.display3.xOffset = -1
INFO         | 	hw.display3.yOffset = -1
INFO         | 	hw.display3.flag = 0
INFO         | 	hw.multi_display_window = false
INFO         | 	hw.hotplug_multi_display = false
INFO         | 	hw.gpu.enabled = true
INFO         | 	hw.gpu.mode = host
INFO         | 	hw.initialOrientation = portrait
INFO         | 	hw.camera.back = emulated
INFO         | 	hw.camera.back.orientation = 90
INFO         | 	hw.camera.front = none
INFO         | 	hw.camera.front.orientation = 90
INFO         | 	vm.heapSize = 576
INFO         | 	hw.sensors.light = true
INFO         | 	hw.sensors.pressure = true
INFO         | 	hw.sensors.humidity = true
INFO         | 	hw.sensors.proximity = true
INFO         | 	hw.sensors.magnetic_field = true
INFO         | 	hw.sensors.magnetic_field_uncalibrated = true
INFO         | 	hw.sensors.gyroscope_uncalibrated = true
INFO         | 	hw.sensors.orientation = true
INFO         | 	hw.sensors.temperature = true
INFO         | 	hw.sensors.rgbclight = false
INFO         | 	hw.sensor.hinge = false
INFO         | 	hw.sensor.hinge.count = 0
INFO         | 	hw.sensor.hinge.type = 0
INFO         | 	hw.sensor.hinge.sub_type = 0
INFO         | 	hw.sensor.hinge.resizable.config = 1
INFO         | 	hw.sensor.hinge.fold_to_displayRegion.0.1_at_posture = 1
INFO         | 	hw.sensor.roll = false
INFO         | 	hw.sensor.roll.count = 0
INFO         | 	hw.sensor.roll.resize_to_displayRegion.0.1_at_posture = 6
INFO         | 	hw.sensor.roll.resize_to_displayRegion.0.2_at_posture = 6
INFO         | 	hw.sensor.roll.resize_to_displayRegion.0.3_at_posture = 6
INFO         | 	hw.sensors.heart_rate = false
INFO         | 	hw.sensors.wrist_tilt = false
INFO         | 	hw.sensors.heading = false
INFO         | 	hw.useext4 = true
INFO         | 	hw.device.name = pixel_6
INFO         | 	kernel.path = C:/@Work/POC/android-sdk\system-images\android-34\google_apis\x86_64\\kernel-ranchu
INFO         | 	kernel.newDeviceNaming = yes
INFO         | 	kernel.supportsYaffs2 = no
INFO         | 	disk.ramdisk.path = C:/@Work/POC/android-sdk\system-images\android-34\google_apis\x86_64\\ramdisk.img
INFO         | 	disk.systemPartition.initPath = C:/@Work/POC/android-sdk\system-images\android-34\google_apis\x86_64\\system.img
INFO         | 	disk.systemPartition.size = 4107m
INFO         | 	disk.vendorPartition.initPath = C:/@Work/POC/android-sdk\system-images\android-34\google_apis\x86_64\\vendor.img
INFO         | 	disk.vendorPartition.size = 800m
INFO         | 	disk.dataPartition.path = C:\Users\CZUVWD\.android\avd\..\avd\connectly_test.avd\userdata-qemu.img
INFO         | 	disk.dataPartition.size = 6g
INFO         | 	disk.encryptionKeyPartition.path = C:\Users\CZUVWD\.android\avd\..\avd\connectly_test.avd\encryptionkey.img
INFO         | 	PlayStore.enabled = false
INFO         | 	avd.name = connectly_test
INFO         | 	avd.id = connectly_test
INFO         | 	fastboot.forceColdBoot = false
INFO         | 	userdata.useQcow2 = true
INFO         | 	firstboot.bootFromDownloadableSnapshot = true
INFO         | 	firstboot.bootFromLocalSnapshot = true
INFO         | 	firstboot.saveToLocalSnapshot = true
INFO         | 	android.sdk.root = C:/@Work/POC/android-sdk
INFO         | 	android.avd.home = C:\Users\CZUVWD\.android\avd
INFO         | 	environment.width = 0
INFO         | 	environment.height = 0
INFO         | .
INFO         | QEMU options list:
INFO         | 	 argv[00] = "C:\@Work\POC\android-sdk\emulator\qemu\windows-x86_64\qemu-system-x86_64.exe"
INFO         | 	 argv[01] = "-dns-server"
INFO         | 	 argv[02] = "192.168.1.254,2402:e280:21fd:700::1,2606:4700:4700::1001"
INFO         | 	 argv[03] = "-mem-path"
INFO         | 	 argv[04] = "C:\Users\CZUVWD\.android\avd\connectly_test.avd\snapshots\default_boot\ram.img"
INFO         | 	 argv[05] = "-serial"
INFO         | 	 argv[06] = "null"
INFO         | 	 argv[07] = "-device"
INFO         | 	 argv[08] = "goldfish_pstore,addr=0xff018000,size=0x10000,file=C:\Users\CZUVWD\.android\avd\..\avd\connectly_test.avd\data\misc\pstore\pstore.bin"
INFO         | 	 argv[09] = "-cpu"
INFO         | 	 argv[10] = "android64"
INFO         | 	 argv[11] = "-enable-whpx"
INFO         | 	 argv[12] = "-smp"
INFO         | 	 argv[13] = "cores=4"
INFO         | 	 argv[14] = "-m"
INFO         | 	 argv[15] = "2560"
INFO         | 	 argv[16] = "-lcd-density"
INFO         | 	 argv[17] = "420"
INFO         | 	 argv[18] = "-nodefaults"
INFO         | 	 argv[19] = "-kernel"
INFO         | 	 argv[20] = "C:/@Work/POC/android-sdk\system-images\android-34\google_apis\x86_64\\kernel-ranchu"
INFO         | 	 argv[21] = "-initrd"
INFO         | 	 argv[22] = "C:\Users\CZUVWD\.android\avd\..\avd\connectly_test.avd\initrd"
INFO         | 	 argv[23] = "-drive"
INFO         | 	 argv[24] = "if=none,index=0,id=system,if=none,file=C:/@Work/POC/android-sdk\system-images\android-34\google_apis\x86_64\\system.img,read-only"
INFO         | 	 argv[25] = "-device"
INFO         | 	 argv[26] = "virtio-blk-pci,drive=system,modern-pio-notify"
INFO         | 	 argv[27] = "-drive"
INFO         | 	 argv[28] = "if=none,index=1,id=cache,if=none,file=C:\Users\CZUVWD\.android\avd\..\avd\connectly_test.avd\cache.img.qcow2,overlap-check=none,cache=unsafe,l2-cache-size=1048576"
INFO         | 	 argv[29] = "-device"
INFO         | 	 argv[30] = "virtio-blk-pci,drive=cache,modern-pio-notify"
INFO         | 	 argv[31] = "-drive"
INFO         | 	 argv[32] = "if=none,index=2,id=userdata,if=none,file=C:\Users\CZUVWD\.android\avd\..\avd\connectly_test.avd\userdata-qemu.img.qcow2,overlap-check=none,cache=unsafe,l2-cache-size=1048576"
INFO         | 	 argv[33] = "-device"
INFO         | 	 argv[34] = "virtio-blk-pci,drive=userdata,modern-pio-notify"
INFO         | 	 argv[35] = "-drive"
INFO         | 	 argv[36] = "if=none,index=3,id=encrypt,if=none,file=C:\Users\CZUVWD\.android\avd\..\avd\connectly_test.avd\encryptionkey.img.qcow2,overlap-check=none,cache=unsafe,l2-cache-size=1048576"
INFO         | 	 argv[37] = "-device"
INFO         | 	 argv[38] = "virtio-blk-pci,drive=encrypt,modern-pio-notify"
INFO         | 	 argv[39] = "-drive"
INFO         | 	 argv[40] = "if=none,index=4,id=vendor,if=none,file=C:/@Work/POC/android-sdk\system-images\android-34\google_apis\x86_64\\vendor.img,read-only"
INFO         | 	 argv[41] = "-device"
INFO         | 	 argv[42] = "virtio-blk-pci,drive=vendor,modern-pio-notify"
INFO         | 	 argv[43] = "-netdev"
INFO         | 	 argv[44] = "user,id=mynet"
INFO         | 	 argv[45] = "-device"
INFO         | 	 argv[46] = "virtio-net-pci,netdev=mynet"
INFO         | 	 argv[47] = "-chardev"
INFO         | 	 argv[48] = "null,id=forhvc0"
INFO         | 	 argv[49] = "-chardev"
INFO         | 	 argv[50] = "null,id=forhvc1"
INFO         | 	 argv[51] = "-device"
INFO         | 	 argv[52] = "virtio-serial-pci,ioeventfd=off"
INFO         | 	 argv[53] = "-device"
INFO         | 	 argv[54] = "virtconsole,chardev=forhvc0"
INFO         | 	 argv[55] = "-device"
INFO         | 	 argv[56] = "virtconsole,chardev=forhvc1"
INFO         | 	 argv[57] = "-chardev"
INFO         | 	 argv[58] = "netsim,id=bluetooth"
INFO         | 	 argv[59] = "-device"
INFO         | 	 argv[60] = "virtserialport,chardev=bluetooth,name=bluetooth"
INFO         | 	 argv[61] = "-device"
INFO         | 	 argv[62] = "virtio-serial,ioeventfd=off"
INFO         | 	 argv[63] = "-chardev"
INFO         | 	 argv[64] = "socket,port=59947,host=::1,nowait,nodelay,reconnect=10,ipv6,id=modem"
INFO         | 	 argv[65] = "-device"
INFO         | 	 argv[66] = "virtserialport,chardev=modem,name=modem"
INFO         | 	 argv[67] = "-device"
INFO         | 	 argv[68] = "virtio-rng-pci"
INFO         | 	 argv[69] = "-show-cursor"
INFO         | 	 argv[70] = "-device"
INFO         | 	 argv[71] = "virtio_input_multi_touch_pci_1"
INFO         | 	 argv[72] = "-device"
INFO         | 	 argv[73] = "virtio_input_multi_touch_pci_2"
INFO         | 	 argv[74] = "-device"
INFO         | 	 argv[75] = "virtio_input_multi_touch_pci_3"
INFO         | 	 argv[76] = "-device"
INFO         | 	 argv[77] = "virtio_input_multi_touch_pci_4"
INFO         | 	 argv[78] = "-device"
INFO         | 	 argv[79] = "virtio_input_multi_touch_pci_5"
INFO         | 	 argv[80] = "-device"
INFO         | 	 argv[81] = "virtio_input_multi_touch_pci_6"
INFO         | 	 argv[82] = "-device"
INFO         | 	 argv[83] = "virtio_input_multi_touch_pci_7"
INFO         | 	 argv[84] = "-device"
INFO         | 	 argv[85] = "virtio_input_multi_touch_pci_8"
INFO         | 	 argv[86] = "-device"
INFO         | 	 argv[87] = "virtio_input_multi_touch_pci_9"
INFO         | 	 argv[88] = "-device"
INFO         | 	 argv[89] = "virtio_input_multi_touch_pci_10"
INFO         | 	 argv[90] = "-device"
INFO         | 	 argv[91] = "virtio_input_multi_touch_pci_11"
INFO         | 	 argv[92] = "-netdev"
INFO         | 	 argv[93] = "user,id=virtio-wifi,dhcpstart=10.0.2.16"
INFO         | 	 argv[94] = "-device"
INFO         | 	 argv[95] = "virtio-wifi-pci,netdev=virtio-wifi"
INFO         | 	 argv[96] = "-device"
INFO         | 	 argv[97] = "virtio-vsock-pci,guest-cid=77"
INFO         | 	 argv[98] = "-L"
INFO         | 	 argv[99] = "C:\@Work\POC\android-sdk\emulator/lib/pc-bios"
INFO         | 	 argv[100] = "-soundhw"
INFO         | 	 argv[101] = "virtio-snd-pci"
INFO         | 	 argv[102] = "-vga"
INFO         | 	 argv[103] = "none"
INFO         | 	 argv[104] = "-append"
INFO         | 	 argv[105] = "8250.nr_uarts=1 clocksource=pit no_timer_check console=0 ndns=3 loop.max_part=7 ramoops.mem_address=0xff018000 ramoops.mem_size=0x10000 memmap=0x10000$0xff018000 printk.devkmsg=on bootconfig"
INFO         | 	 argv[106] = "-android-hw"
INFO         | 	 argv[107] = "C:\Users\CZUVWD\.android\avd\..\avd\connectly_test.avd\hardware-qemu.ini"
INFO         | Concatenated QEMU options: C:\@Work\POC\android-sdk\emulator\qemu\windows-x86_64\qemu-system-x86_64.exe -dns-server 192.168.1.254,2402:e280:21fd:700::1,2606:4700:4700::1001 -mem-path C:\Users\CZUVWD\.android\avd\connectly_test.avd\snapshots\default_boot\ram.img -serial null -device goldfish_pstore,addr=0xff018000,size=0x10000,file=C:\Users\CZUVWD\.android\avd\..\avd\connectly_test.avd\data\misc\pstore\pstore.bin -cpu android64 -enable-whpx -smp cores=4 -m 2560 -lcd-density 420 -nodefaults -kernel C:/@Work/POC/android-sdk\system-images\android-34\google_apis\x86_64\\kernel-ranchu -initrd C:\Users\CZUVWD\.android\avd\..\avd\connectly_test.avd\initrd -drive if=none,index=0,id=system,if=none,file=C:/@Work/POC/android-sdk\system-images\android-34\google_apis\x86_64\\system.img,read-only -device virtio-blk-pci,drive=system,modern-pio-notify -drive if=none,index=1,id=cache,if=none,file=C:\Users\CZUVWD\.android\avd\..\avd\connectly_test.avd\cache.img.qcow2,overlap-check=none,cache=unsafe,l2-cache-size=1048576 -device virtio-blk-pci,drive=cache,modern-pio-notify -drive if=none,index=2,id=userdata,if=none,file=C:\Users\CZUVWD\.android\avd\..\avd\connectly_test.avd\userdata-qemu.img.qcow2,overlap-check=none,cache=unsafe,l2-cache-size=1048576 -device virtio-blk-pci,drive=userdata,modern-pio-notify -drive if=none,index=3,id=encrypt,if=none,file=C:\Users\CZUVWD\.android\avd\..\avd\connectly_test.avd\encryptionkey.img.qcow2,overlap-check=none,cache=unsafe,l2-cache-size=1048576 -device virtio-blk-pci,drive=encrypt,modern-pio-notify -drive if=none,index=4,id=vendor,if=none,file=C:/@Work/POC/android-sdk\system-images\android-34\google_apis\x86_64\\vendor.img,read-only -device virtio-blk-pci,drive=vendor,modern-pio-notify -netdev user,id=mynet -device virtio-net-pci,netdev=mynet -chardev null,id=forhvc0 -chardev null,id=forhvc1 -device virtio-serial-pci,ioeventfd=off -device virtconsole,chardev=forhvc0 -device virtconsole,chardev=forhvc1 -chardev netsim,id=bluetooth -device virtserialport,chardev=bluetooth,name=bluetooth -device virtio-serial,ioeventfd=off -chardev socket,port=59947,host=::1,nowait,nodelay,reconnect=10,ipv6,id=modem -device virtserialport,chardev=modem,name=modem -device virtio-rng-pci -show-cursor -device virtio_input_multi_touch_pci_1 -device virtio_input_multi_touch_pci_2 -device virtio_input_multi_touch_pci_3 -device virtio_input_multi_touch_pci_4 -device virtio_input_multi_touch_pci_5 -device virtio_input_multi_touch_pci_6 -device virtio_input_multi_touch_pci_7 -device virtio_input_multi_touch_pci_8 -device virtio_input_multi_touch_pci_9 -device virtio_input_multi_touch_pci_10 -device virtio_input_multi_touch_pci_11 -netdev user,id=virtio-wifi,dhcpstart=10.0.2.16 -device virtio-wifi-pci,netdev=virtio-wifi -device virtio-vsock-pci,guest-cid=77 -L C:\@Work\POC\android-sdk\emulator/lib/pc-bios -soundhw virtio-snd-pci -vga none -append "8250.nr_uarts=1 clocksource=pit no_timer_check console=0 ndns=3 loop.max_part=7 ramoops.mem_address=0xff018000 ramoops.mem_size=0x10000 memmap=0x10000$0xff018000 printk.devkmsg=on bootconfig" -android-hw C:\Users\CZUVWD\.android\avd\..\avd\connectly_test.avd\hardware-qemu.ini
DEBUG   | Android qemu version 37.1.11.0 (build_id 15917651) (CL:N/A)
DEBUG   | Starting QEMU main loop
DEBUG   | android_fopen: Failed to open /qemu.conf, err: 2
DEBUG   | registered 'boot-properties' qemud service
DEBUG   | Adding boot property: 'ro.opengles.version' = '196608'
DEBUG   | Adding boot property: 'qemu.sf.fake_camera' = 'back'
DEBUG   | Adding boot property: 'dalvik.vm.heapsize' = '576m'
DEBUG   | Adding boot property: 'qemu.hw.mainkeys' = '0'
DEBUG   | Adding boot property: 'qemu.sf.lcd_density' = '420'
WHPX on Windows 10.0.26200 detected.
Windows Hypervisor Platform accelerator is operational
netsimd I 09-25 11:44:53.378 external/netsim+/rust/daemon/src\rust_main.rs:93 - netsim artifacts path: "C:\\Users\\CZUVWD\\AppData\\Local\\Temp\\netsimd"
netsimd I 09-25 11:44:53.378 external/netsim+/rust/daemon/src\rust_main.rs:96 - NetsimdArgs {
    fd_startup_str: None,
    no_cli_ui: true,
    no_web_ui: true,
    pcap: false,
    disable_address_reuse: false,
    hci_port: None,
    connector_instance: None,
    instance: None,
    logtostderr: false,
    dev: false,
    forward_host_mdns: false,
    vsock: None,
    config: None,
    host_dns: Some(
        "192.168.1.254,2402:e280:21fd:700::1,2606:4700:4700::1001",
    ),
    http_proxy: None,
    wifi_tap: None,
    wifi: None,
    test_beacons: false,
    no_test_beacons: false,
    no_shutdown: false,
    verbose: false,
    version: false,
    debug: DebugArgs {
        debug_no_traffic: false,
        debug_no_network: false,
        debug_no_wmedium: false,
        debug_no_mdns_wmedium: false,
        debug_no_guest_to_host_mdns: false,
    },
    rssi: None,
}
DEBUG   | control console listening on port 5554, ADB on port 5555
DEBUG   | goldfish_events.have-dpad: false
DEBUG   | goldfish_events.have-trackball: false
DEBUG   | goldfish_events.have-camera: true
DEBUG   | goldfish_events.have-keyboard: false
DEBUG   | goldfish_events.have-lidswitch: true
DEBUG   | goldfish_events.have-tabletmode: false
DEBUG   | goldfish_events.have-touch: false
DEBUG   | goldfish_events.have-multitouch: false
DEBUG   | Adding boot property: 'net.wifi_mac_prefix' = '5554'
INFO         | Monitoring duration of emulator setup.
DEBUG   | Adding boot property: 'qemu.timezone' = 'Asia/Calcutta'
DEBUG   | android_hw_fingerprint_init: fingerprint qemud listen service initialized
WARNING      | The emulator now requires a signed jwt token for gRPC access! Use the -grpc flag if you really want an open unprotected grpc port
INFO         | Using security allow list from: C:\@Work\POC\android-sdk\emulator\lib\emulator_access.json
INFO         | The active JSON Web Key Sets can be found here: C:\Users\CZUVWD\AppData\Local\Temp\avd\running\6028\jwks\b043de46-c70a-4f26-acc5-bdc7b2d3feef\active.jwk
INFO         | Scanning C:\Users\CZUVWD\AppData\Local\Temp\avd\running\6028\jwks\b043de46-c70a-4f26-acc5-bdc7b2d3feef for jwk keys.
INFO         | Started GRPC server at 127.0.0.1:8554, security: Local, auth: +token
INFO         | Advertising in: C:\Users\CZUVWD\AppData\Local\Temp\avd\running\pid_6028.ini
INFO         | Successfully initialized netsim WiFi
INFO         | Activated packet streamer for bluetooth emulation
DEBUG   | emulator_window_fb_rotate
DEBUG   | CMD_SET_DISPLAY_CONFIGS
INFO         | Setting display: 0 configuration to: 1080x2400, dpi: 420x420 
DEBUG   | CMD_SET_DISPLAY_ACTIVE_CONFIG
DEBUG   | setDisplayPose 0 x 0 y 0 w 1080 h 2400 dpi 0
INFO         | setDisplayActiveConfig: id:0, 1080x2400
DEBUG   | Adjusting window size by 0.38x for hw_lcd_density
DEBUG   | adisplay_init: Creating skin display surface 1080x2400
DEBUG   | Path:C:/@Work/POC/android-sdk\platform-tools\adb.exe protocol version: 41
DEBUG   | Path:C:\@Work\POC\android-sdk\platform-tools\adb.exe protocol version: 41
DEBUG   | Found: 2 adb executables
DEBUG   | Adb: C:/@Work/POC/android-sdk\platform-tools\adb.exe
DEBUG   | Adb: C:\@Work\POC\android-sdk\platform-tools\adb.exe
DEBUG   | Path:C:/@Work/POC/android-sdk\platform-tools\adb.exe protocol version: 41
DEBUG   | Path:C:\@Work\POC\android-sdk\platform-tools\adb.exe protocol version: 41
INFO         | Checking system compatibility:
INFO         |   Checking: hasCompatibleHypervisor
INFO         |      Ok: Hypervisor compatibility to run avd: `connectly_test` are met
INFO         |   Checking: hasSufficientSystem
INFO         |      Ok: System requirements to run avd: `connectly_test` are met
INFO         |   Checking: hasSufficientHwGpu
INFO         |      Ok: Hardware GPU requirements to run avd: `connectly_test` are passed
INFO         |   Checking: hasSufficientDiskSpace
INFO         |      Ok: Disk space requirements to run avd: `connectly_test` are met
DEBUG   | Sending CMD_REPAINT to reposting thread
DEBUG   | Reposting thread dequeueing a CMD_REPAINT
DEBUG   | Sending CMD_REPAINT to reposting thread
DEBUG   | Sending CMD_REPAINT to reposting thread
DEBUG   | Reposting framebuffer.
DEBUG   | No repost: no last posted color buffer
DEBUG   | Reposting thread dequeueing a CMD_REPAINT
DEBUG   | Reposting framebuffer.
DEBUG   | No repost: no last posted color buffer
DEBUG   | Reposting thread dequeueing a CMD_REPAINT
DEBUG   | Reposting framebuffer.
DEBUG   | No repost: no last posted color buffer
DEBUG   | Begin setupSubWindow
DEBUG   | android::virtualscene::parsePostersFile: Loaded poster wall at (-0.807000, 0.320000, 5.316000)
DEBUG   | android::virtualscene::parsePostersFile: Loaded poster table at (-2.205000, -0.077000, 3.949000)
DEBUG   | config multidisplay with config.ini 0x0 0x0 0x0
DEBUG   | ver_initialize: Setting search paths with 2 entries
INFO         | emulatorSetupEnvironment: Environment scene is not required
DEBUG   | No acpi ini file provided, using default
DEBUG   | Exit setupSubWindow (successful setup)
DEBUG   | added one RIL client
DEBUG   | Crash info: hw.gpu.enabled=no
DEBUG   | Crash info: hw.cpu.ncore=4
DEBUG   | Crash info: avd_space=396650085232
DEBUG   | Crash info: disk.dataPartition.size=6442450944
DEBUG   | Crash info: hw.sensor.hinge=no
DEBUG   | Crash info: hw.gpu.mode=auto
DEBUG   | Crash info: hw.lcd.height=2400
DEBUG   | Crash info: hw.ramSize=1536M
DEBUG   | Crash info: hw.lcd.width=1080
DEBUG   | Crash info: PlayStore.enabled=no
DEBUG   | Crash info: cpu_cores=12
DEBUG   | Crash info: free_ram=2283
DEBUG   | Crash info: ro.build.fingerprint=google/sdk_gphone64_x86_64/emu64xa:14/UE1A.230829.050/12077443:userdebug/dev-keys
DEBUG   | Crash info: sessionId=
USER_INFO    | Emulator is performing a full startup. This may take upto two minutes, or more.
DEBUG   | Window was not fully visible: monitor=[0,0,1920,1080] window=[100,130,389,864]
DEBUG   | Window repositioned to [420,-660]
DEBUG   | emulator window was out of view and was recentered
DEBUG   | Begin setupSubWindow
DEBUG   | Exit setupSubWindow (nothing to do)
DEBUG   | call repost from subWindowRepaint callback
DEBUG   | Reposting framebuffer.
DEBUG   | No repost: no last posted color buffer
INFO         | Warning: QMetaObject::connectSlotsByName: No matching signal for on_rgbcSensorValueWidget_valueChanged() (:0, )
INFO         | Warning: QMetaObject::connectSlotsByName: No matching signal for on_posture_valueChanged(int) (:0, )
INFO         | TouchpadHolder: registering via hw_xr_led agent for instance=0000019C02370920
INFO         | Warning: QObject::connect: Cannot queue arguments of type 'std::vector<android::emulation::control::SnapshotInfo>'
(Make sure 'std::vector<android::emulation::control::SnapshotInfo>' is registered using qRegisterMetaType().) (:0, )
INFO         | AVD supportsNativeGLES=1, supportsGuestAngle=0
INFO         | Platform does not support Guest Angle
INFO         | Created extended window in 429.056ms
DEBUG   | Reposting framebuffer.
DEBUG   | No repost: no last posted color buffer
DEBUG   | Begin setupSubWindow
DEBUG   | Exit setupSubWindow (successful setup)
DEBUG   | Sending CMD_REPAINT to reposting thread
DEBUG   | Reposting thread dequeueing a CMD_REPAINT
DEBUG   | Reposting framebuffer.
DEBUG   | No repost: no last posted color buffer
DEBUG   | call repost from subWindowRepaint callback
DEBUG   | Reposting framebuffer.
DEBUG   | No repost: no last posted color buffer
DEBUG   | Begin setupSubWindow
DEBUG   | Exit setupSubWindow (successful setup)
DEBUG   | call repost from subWindowRepaint callback
DEBUG   | Reposting framebuffer.
DEBUG   | No repost: no last posted color buffer
DEBUG   | Begin setupSubWindow
DEBUG   | Exit setupSubWindow (successful setup)
DEBUG   | call repost from subWindowRepaint callback
DEBUG   | Reposting framebuffer.
DEBUG   | No repost: no last posted color buffer
DEBUG   | Begin setupSubWindow
DEBUG   | Exit setupSubWindow (successful setup)
DEBUG   | Begin setupSubWindow
DEBUG   | Exit setupSubWindow (nothing to do)
DEBUG   | call repost from subWindowRepaint callback
DEBUG   | Reposting framebuffer.
DEBUG   | No repost: no last posted color buffer
DEBUG   | No acpi ini file provided, using default
DEBUG   | Sending CMD_REPAINT to reposting thread
DEBUG   | Reposting thread dequeueing a CMD_REPAINT
DEBUG   | Reposting framebuffer.
DEBUG   | No repost: no last posted color buffer
DEBUG   | Begin setupSubWindow
DEBUG   | Exit setupSubWindow (nothing to do)
DEBUG   | Begin setupSubWindow
DEBUG   | Exit setupSubWindow (nothing to do)
DEBUG   | call repost from subWindowRepaint callback
DEBUG   | Reposting framebuffer.
DEBUG   | No repost: no last posted color buffer
DEBUG   | call repost from subWindowRepaint callback
DEBUG   | Reposting framebuffer.
DEBUG   | No repost: no last posted color buffer
DEBUG   | call repost from subWindowRepaint callback
DEBUG   | Reposting framebuffer.
DEBUG   | No repost: no last posted color buffer
DEBUG   | call repost from subWindowRepaint callback
DEBUG   | Reposting framebuffer.
DEBUG   | No repost: no last posted color buffer
INFO         | Critical: UpdateLayeredWindowIndirect failed for ptDst=(574, -788), size=(375x26), dirty=(375x26 0, 0) (A device attached to the system is not functioning.) (:0, )
DEBUG   | Started new RenderThread (total 1) @0000019C67DCB6A0
DEBUG   | call repost from subWindowRepaint callback
DEBUG   | Reposting framebuffer.
DEBUG   | No repost: no last posted color buffer
DEBUG   | Started new RenderThread (total 2) @0000019C67B7F400
DEBUG   | ColorBuffer 3, 1x1, VK_FORMAT_R8G8B8A8_UNORM, Memory [size: 4096, type: 0, props: 1 / 1]
DEBUG   | Started new RenderThread (total 3) @0000019C67B7F5C0
DEBUG   | Started new RenderThread (total 4) @0000019C67B7F160
DEBUG   | setDisplayPose 0 x -1 y -1 w 1080 h 2400 dpi 420
DEBUG   | Started new RenderThread (total 5) @0000019C67B7F240
DEBUG   | ColorBuffer 4, 1080x2400, VK_FORMAT_R8G8B8A8_UNORM, Memory [size: 10444800, type: 0, props: 1 / 1]
DEBUG   | ColorBuffer 5, 1080x2400, VK_FORMAT_R8G8B8A8_UNORM, Memory [size: 10444800, type: 0, props: 1 / 1]
DEBUG   | ColorBuffer 6, 1080x2400, VK_FORMAT_R8G8B8A8_UNORM, Memory [size: 10444800, type: 0, props: 1 / 1]
DEBUG   | Started new RenderThread (total 6) @0000019C67E9B4B0
DEBUG   | ColorBuffer 7, 1080x2400, VK_FORMAT_R8G8B8A8_UNORM, Memory [size: 10444800, type: 0, props: 1 / 1]
DEBUG   | ColorBuffer 8, 1080x2400, VK_FORMAT_R8G8B8A8_UNORM, Memory [size: 10444800, type: 0, props: 1 / 1]
DEBUG   | ColorBuffer 9, 128x128, VK_FORMAT_R8G8B8A8_UNORM, Memory [size: 65536, type: 0, props: 1 / 1]
DEBUG   | ColorBuffer 10, 128x128, VK_FORMAT_R8G8B8A8_UNORM, Memory [size: 65536, type: 0, props: 1 / 1]
DEBUG   | ColorBuffer 11, 128x128, VK_FORMAT_R8G8B8A8_UNORM, Memory [size: 65536, type: 0, props: 1 / 1]
DEBUG   | ColorBuffer 12, 128x128, VK_FORMAT_R16G16B16A16_SFLOAT, Memory [size: 135296, type: 0, props: 1 / 1]
DEBUG   | Started new RenderThread (total 7) @0000019C67B7F6A0
DEBUG   | Started new RenderThread (total 8) @0000019C67DCB5C0
DEBUG   | ColorBuffer 13, 1080x2400, VK_FORMAT_R8G8B8A8_UNORM, Memory [size: 10444800, type: 0, props: 1 / 1]
DEBUG   | ColorBuffer 16, 1080x2400, VK_FORMAT_R8G8B8A8_UNORM, Memory [size: 10444800, type: 0, props: 1 / 1]
DEBUG   | ColorBuffer 19, 1080x2400, VK_FORMAT_R8G8B8A8_UNORM, Memory [size: 10444800, type: 0, props: 1 / 1]
DEBUG   | call repost from subWindowRepaint callback
DEBUG   | Reposting framebuffer.
DEBUG   | Has last posted colorbuffer and is initialized; post.
DEBUG   | call repost from subWindowRepaint callback
DEBUG   | Reposting framebuffer.
DEBUG   | Has last posted colorbuffer and is initialized; post.
DEBUG   | call repost from subWindowRepaint callback
DEBUG   | Reposting framebuffer.
DEBUG   | Has last posted colorbuffer and is initialized; post.
DEBUG   | Started new RenderThread (total 9) @0000019C045509F0
DEBUG   | call repost from subWindowRepaint callback
DEBUG   | Reposting framebuffer.
DEBUG   | Has last posted colorbuffer and is initialized; post.
DEBUG   | Started new RenderThread (total 10) @0000019C022A10C0
DEBUG   | _hwFingerprint_connect: connect finger print listen is called
DEBUG   | got message from guest system fingerprint HAL
DEBUG   | ColorBuffer 22, 1x1, VK_FORMAT_R8G8B8A8_UNORM, Memory [size: 4096, type: 0, props: 1 / 1]
DEBUG   | Started new RenderThread (total 11) @0000019C130BED40
DEBUG   | ColorBuffer 23, 1080x128, VK_FORMAT_R8G8B8A8_UNORM, Memory [size: 557056, type: 0, props: 1 / 1]
DEBUG   | ColorBuffer 25, 1080x128, VK_FORMAT_R8G8B8A8_UNORM, Memory [size: 557056, type: 0, props: 1 / 1]
DEBUG   | ColorBuffer 26, 1080x128, VK_FORMAT_R8G8B8A8_UNORM, Memory [size: 557056, type: 0, props: 1 / 1]
DEBUG   | ColorBuffer 27, 1080x128, VK_FORMAT_R8G8B8A8_UNORM, Memory [size: 557056, type: 0, props: 1 / 1]
DEBUG   | ColorBuffer 29, 1080x128, VK_FORMAT_R8G8B8A8_UNORM, Memory [size: 557056, type: 0, props: 1 / 1]
DEBUG   | ColorBuffer 30, 1080x128, VK_FORMAT_R8G8B8A8_UNORM, Memory [size: 557056, type: 0, props: 1 / 1]
DEBUG   | ColorBuffer 31, 1080x63, VK_FORMAT_R8G8B8A8_UNORM, Memory [size: 278528, type: 0, props: 1 / 1]
DEBUG   | ColorBuffer 33, 1080x63, VK_FORMAT_R8G8B8A8_UNORM, Memory [size: 278528, type: 0, props: 1 / 1]
DEBUG   | ColorBuffer 34, 1080x63, VK_FORMAT_R8G8B8A8_UNORM, Memory [size: 278528, type: 0, props: 1 / 1]
DEBUG   | ColorBuffer 36, 1080x63, VK_FORMAT_R8G8B8A8_UNORM, Memory [size: 278528, type: 0, props: 1 / 1]
DEBUG   | ColorBuffer 37, 1080x63, VK_FORMAT_R8G8B8A8_UNORM, Memory [size: 278528, type: 0, props: 1 / 1]
DEBUG   | ColorBuffer 38, 1080x63, VK_FORMAT_R8G8B8A8_UNORM, Memory [size: 278528, type: 0, props: 1 / 1]
DEBUG   | Started new RenderThread (total 12) @0000019C12B28260
DEBUG   | ColorBuffer 41, 1x1, VK_FORMAT_R8G8B8A8_UNORM, Memory [size: 4096, type: 0, props: 1 / 1]
DEBUG   | Started new RenderThread (total 13) @0000019C12B28340
DEBUG   | ColorBuffer 42, 1080x2400, VK_FORMAT_R8G8B8A8_UNORM, Memory [size: 10444800, type: 0, props: 1 / 1]
DEBUG   | ColorBuffer 44, 1080x2400, VK_FORMAT_R8G8B8A8_UNORM, Memory [size: 10444800, type: 0, props: 1 / 1]
DEBUG   | ColorBuffer 45, 1080x2400, VK_FORMAT_R8G8B8A8_UNORM, Memory [size: 10444800, type: 0, props: 1 / 1]
DEBUG   | ColorBuffer 46, 922x1024, VK_FORMAT_R8G8B8A8_UNORM, Memory [size: 3801088, type: 0, props: 1 / 1]
DEBUG   | ColorBuffer 48, 922x1024, VK_FORMAT_R8G8B8A8_UNORM, Memory [size: 3801088, type: 0, props: 1 / 1]
DEBUG   | ColorBuffer 49, 922x1024, VK_FORMAT_R8G8B8A8_UNORM, Memory [size: 3801088, type: 0, props: 1 / 1]
DEBUG   | ColorBuffer 50, 1080x2272, VK_FORMAT_R8G8B8A8_UNORM, Memory [size: 9887744, type: 0, props: 1 / 1]
DEBUG   | ColorBuffer 52, 1080x2272, VK_FORMAT_R8G8B8A8_UNORM, Memory [size: 9887744, type: 0, props: 1 / 1]
DEBUG   | ColorBuffer 53, 1080x2272, VK_FORMAT_R8G8B8A8_UNORM, Memory [size: 9887744, type: 0, props: 1 / 1]
DEBUG   | ColorBuffer 54, 922x1024, VK_FORMAT_R8G8B8A8_UNORM, Memory [size: 3801088, type: 0, props: 1 / 1]
DEBUG   | ColorBuffer 56, 922x1024, VK_FORMAT_R8G8B8A8_UNORM, Memory [size: 3801088, type: 0, props: 1 / 1]
DEBUG   | ColorBuffer 57, 922x1024, VK_FORMAT_R8G8B8A8_UNORM, Memory [size: 3801088, type: 0, props: 1 / 1]
DEBUG   | Waiting for exit signal RenderThread @0000019C67B7F6A0
DEBUG   | Waiting for exit signal RenderThread @0000019C67DCB5C0
INFO         | Boot completed in 164526 ms
INFO         | Increasing screen off timeout, logcat buffer size to 2M.
DEBUG   | Enable overlay packages with name ending in pixel_6
DEBUG   | ColorBuffer 58, 1080x126, VK_FORMAT_R8G8B8A8_UNORM, Memory [size: 557056, type: 0, props: 1 / 1]
DEBUG   | ColorBuffer 60, 1080x126, VK_FORMAT_R8G8B8A8_UNORM, Memory [size: 557056, type: 0, props: 1 / 1]
DEBUG   | ColorBuffer 61, 1080x126, VK_FORMAT_R8G8B8A8_UNORM, Memory [size: 557056, type: 0, props: 1 / 1]
DEBUG   | ColorBuffer 62, 336x63, VK_FORMAT_R8G8B8A8_UNORM, Memory [size: 90112, type: 0, props: 1 / 1]
VERBOSE | glReadPixels seems OK for tex(internal:0x8058 fmt:0x1908 type:0x1401) read(fmt:0x1908 type:0x1401).
DEBUG   | call repost from subWindowRepaint callback
DEBUG   | Reposting framebuffer.
DEBUG   | Has last posted colorbuffer and is initialized; post.
DEBUG   | ColorBuffer 63, 1080x2400, VK_FORMAT_R8G8B8A8_UNORM, Memory [size: 10444800, type: 0, props: 1 / 1]
DEBUG   | Exited a RenderThread @0000019C67B7F6A0
DEBUG   | Exited a RenderThread @0000019C67DCB5C0
DEBUG   | Started new RenderThread (total 12) @0000019C66C1ACF0
DEBUG   | Started new RenderThread (total 13) @0000019C022A11A0
DEBUG   | ColorBuffer 64, 1080x2400, VK_FORMAT_R8G8B8A8_UNORM, Memory [size: 10444800, type: 0, props: 1 / 1]
DEBUG   | ColorBuffer 67, 1x1, VK_FORMAT_R8G8B8A8_UNORM, Memory [size: 4096, type: 0, props: 1 / 1]
DEBUG   | Started new RenderThread (total 14) @0000019C66C1AB30
DEBUG   | ColorBuffer 68, 48x48, VK_FORMAT_R8G8B8A8_UNORM, Memory [size: 16384, type: 0, props: 1 / 1]
DEBUG   | pattern string for overlay package = com.[^[]+.pixel_6
DEBUG   | overlay package=com.android.internal.emulation.pixel_6
DEBUG   | overlay package=com.android.internal.emulation.pixel_6
DEBUG   | overlay package=com.android.internal.emulation.pixel_6
DEBUG   | overlay package=com.android.systemui.emulation.pixel_6
DEBUG   | overlay package=com.android.systemui.emulation.pixel_6
DEBUG   | overlay package=com.android.systemui.emulation.pixel_6
DEBUG   | ColorBuffer 70, 48x48, VK_FORMAT_R8G8B8A8_UNORM, Memory [size: 16384, type: 0, props: 1 / 1]
DEBUG   | ColorBuffer 71, 38x38, VK_FORMAT_R8G8B8A8_UNORM, Memory [size: 16384, type: 0, props: 1 / 1]
DEBUG   | ColorBuffer 73, 38x38, VK_FORMAT_R8G8B8A8_UNORM, Memory [size: 16384, type: 0, props: 1 / 1]
DEBUG   | Waiting for exit signal RenderThread @0000019C12B28260
DEBUG   | ColorBuffer 74, 173x173, VK_FORMAT_R8G8B8A8_UNORM, Memory [size: 147456, type: 0, props: 1 / 1]
DEBUG   | Exited a RenderThread @0000019C12B28260
DEBUG   | Started new RenderThread (total 14) @0000019C66C1AC10
DEBUG   | ColorBuffer 77, 1x1, VK_FORMAT_R8G8B8A8_UNORM, Memory [size: 4096, type: 0, props: 1 / 1]
DEBUG   | Started new RenderThread (total 15) @0000019C66C182F0
DEBUG   | ColorBuffer 80, 1080x2400, VK_FORMAT_R8G8B8A8_UNORM, Memory [size: 10444800, type: 0, props: 1 / 1]
DEBUG   | ColorBuffer 82, 1080x2400, VK_FORMAT_R8G8B8A8_UNORM, Memory [size: 10444800, type: 0, props: 1 / 1]
DEBUG   | ColorBuffer 83, 1080x2400, VK_FORMAT_R8G8B8A8_UNORM, Memory [size: 10444800, type: 0, props: 1 / 1]
DEBUG   | ColorBuffer 84, 173x173, VK_FORMAT_R8G8B8A8_UNORM, Memory [size: 147456, type: 0, props: 1 / 1]
DEBUG   | ColorBuffer 85, 173x173, VK_FORMAT_R8G8B8A8_UNORM, Memory [size: 147456, type: 0, props: 1 / 1]
DEBUG   | ColorBuffer 86, 173x173, VK_FORMAT_R8G8B8A8_UNORM, Memory [size: 147456, type: 0, props: 1 / 1]
DEBUG   | ColorBuffer 87, 173x173, VK_FORMAT_R8G8B8A8_UNORM, Memory [size: 147456, type: 0, props: 1 / 1]
DEBUG   | ColorBuffer 88, 173x173, VK_FORMAT_R8G8B8A8_UNORM, Memory [size: 147456, type: 0, props: 1 / 1]
DEBUG   | ColorBuffer 89, 1080x128, VK_FORMAT_R8G8B8A8_UNORM, Memory [size: 557056, type: 0, props: 1 / 1]
DEBUG   | ColorBuffer 91, 1080x128, VK_FORMAT_R8G8B8A8_UNORM, Memory [size: 557056, type: 0, props: 1 / 1]
DEBUG   | ColorBuffer 92, 1080x128, VK_FORMAT_R8G8B8A8_UNORM, Memory [size: 557056, type: 0, props: 1 / 1]
DEBUG   | Registering pipe service multidisplay
DEBUG   | MultiDisplayPipe created 0000019C1F2AFCA0
DEBUG   | MultiDisplayPipe recevied QUERY
DEBUG   | MultiDisplayPipe send add id 0 width 1080 height 2400 dpi 420 flag 0
DEBUG   | ColorBuffer 93, 173x173, VK_FORMAT_R8G8B8A8_UNORM, Memory [size: 147456, type: 0, props: 1 / 1]
DEBUG   | ColorBuffer 94, 173x173, VK_FORMAT_R8G8B8A8_UNORM, Memory [size: 147456, type: 0, props: 1 / 1]
DEBUG   | ColorBuffer 95, 1080x128, VK_FORMAT_R8G8B8A8_UNORM, Memory [size: 557056, type: 0, props: 1 / 1]
DEBUG   | ColorBuffer 97, 1080x128, VK_FORMAT_R8G8B8A8_UNORM, Memory [size: 557056, type: 0, props: 1 / 1]
DEBUG   | ColorBuffer 98, 173x173, VK_FORMAT_R8G8B8A8_UNORM, Memory [size: 147456, type: 0, props: 1 / 1]
DEBUG   | ColorBuffer 99, 173x173, VK_FORMAT_R8G8B8A8_UNORM, Memory [size: 147456, type: 0, props: 1 / 1]
DEBUG   | ColorBuffer 100, 173x173, VK_FORMAT_R8G8B8A8_UNORM, Memory [size: 147456, type: 0, props: 1 / 1]
DEBUG   | ColorBuffer 101, 173x173, VK_FORMAT_R8G8B8A8_UNORM, Memory [size: 147456, type: 0, props: 1 / 1]
DEBUG   | ColorBuffer 102, 173x173, VK_FORMAT_R8G8B8A8_UNORM, Memory [size: 147456, type: 0, props: 1 / 1]
DEBUG   | ColorBuffer 103, 173x173, VK_FORMAT_R8G8B8A8_UNORM, Memory [size: 147456, type: 0, props: 1 / 1]
DEBUG   | ColorBuffer 104, 173x173, VK_FORMAT_R8G8B8A8_UNORM, Memory [size: 147456, type: 0, props: 1 / 1]
DEBUG   | ColorBuffer 105, 173x173, VK_FORMAT_R8G8B8A8_UNORM, Memory [size: 147456, type: 0, props: 1 / 1]
DEBUG   | ColorBuffer 107, 173x173, VK_FORMAT_R8G8B8A8_UNORM, Memory [size: 147456, type: 0, props: 1 / 1]
DEBUG   | ColorBuffer 108, 173x173, VK_FORMAT_R8G8B8A8_UNORM, Memory [size: 147456, type: 0, props: 1 / 1]
DEBUG   | ColorBuffer 109, 173x173, VK_FORMAT_R8G8B8A8_UNORM, Memory [size: 147456, type: 0, props: 1 / 1]
DEBUG   | ColorBuffer 110, 173x173, VK_FORMAT_R8G8B8A8_UNORM, Memory [size: 147456, type: 0, props: 1 / 1]
DEBUG   | ColorBuffer 111, 1080x2400, VK_FORMAT_R8G8B8A8_UNORM, Memory [size: 10444800, type: 0, props: 1 / 1]
DEBUG   | ColorBuffer 112, 1080x128, VK_FORMAT_R8G8B8A8_UNORM, Memory [size: 557056, type: 0, props: 1 / 1]
DEBUG   | ColorBuffer 113, 1080x2400, VK_FORMAT_R8G8B8A8_UNORM, Memory [size: 10444800, type: 0, props: 1 / 1]
DEBUG   | ColorBuffer 115, 1080x2400, VK_FORMAT_R8G8B8A8_UNORM, Memory [size: 10444800, type: 0, props: 1 / 1]
DEBUG   | ColorBuffer 116, 1080x2400, VK_FORMAT_R8G8B8A8_UNORM, Memory [size: 10444800, type: 0, props: 1 / 1]
DEBUG   | Started new RenderThread (total 16) @0000019C6806B040
DEBUG   | ColorBuffer 119, 1x1, VK_FORMAT_R8G8B8A8_UNORM, Memory [size: 4096, type: 0, props: 1 / 1]
DEBUG   | Started new RenderThread (total 17) @0000019C6806B2E0
DEBUG   | ColorBuffer 120, 1080x2400, VK_FORMAT_R8G8B8A8_UNORM, Memory [size: 10444800, type: 0, props: 1 / 1]
DEBUG   | ColorBuffer 122, 1080x2400, VK_FORMAT_R8G8B8A8_UNORM, Memory [size: 10444800, type: 0, props: 1 / 1]
DEBUG   | ColorBuffer 123, 1080x2400, VK_FORMAT_R8G8B8A8_UNORM, Memory [size: 10444800, type: 0, props: 1 / 1]
INFO         | IPv4 server found: 192.168.1.254
INFO         | Ignore IPv6 address: b0e8:583b:9c01:0:b0e8:583b:9c01:0
INFO         | Ignore IPv6 address: b0e8:583b:9c01:0:b0e8:583b:9c01:0
INFO         | Ignore IPv6 address: b0e8:583b:9c01:0:b0e8:583b:9c01:0
INFO         | Ignore IPv6 address: a0ee:583b:9c01:0:b0e8:583b:9c01:0
INFO         | Ignore IPv6 address: a0ee:583b:9c01:0:b0e8:583b:9c01:0
INFO         | Ignore IPv6 address: a0ee:583b:9c01:0:b0e8:583b:9c01:0
INFO         | Ignore IPv6 address: b8f4:583b:9c01:0:b0e8:583b:9c01:0
INFO         | Ignore IPv6 address: b8f4:583b:9c01:0:b0e8:583b:9c01:0
INFO         | Ignore IPv6 address: b8f4:583b:9c01:0:b0e8:583b:9c01:0
DEBUG   | IPv6 DNS server found: d0fa:583b:9c01:0:b0e8:583b:9c01:0
DEBUG   | IPv6 DNS server found: d0fa:583b:9c01:0:b0e8:583b:9c01:0
DEBUG   | IPv6 DNS server found: d0fa:583b:9c01:0:b0e8:583b:9c01:0
DEBUG   | IPv6 DNS server found: d0fa:583b:9c01:0:b0e8:583b:9c01:0
INFO         | Ignore IPv6 address: 2806:593b:9c01:0:b0e8:583b:9c01:0
INFO         | Ignore IPv6 address: 2806:593b:9c01:0:b0e8:583b:9c01:0
INFO         | Ignore IPv6 address: 2806:593b:9c01:0:b0e8:583b:9c01:0
INFO         | IPv4 server found: 192.168.1.254
INFO         | Ignore IPv6 address: b0e8:583b:9c01:0:b0e8:583b:9c01:0
INFO         | Ignore IPv6 address: b0e8:583b:9c01:0:b0e8:583b:9c01:0
INFO         | Ignore IPv6 address: b0e8:583b:9c01:0:b0e8:583b:9c01:0
INFO         | Ignore IPv6 address: a0ee:583b:9c01:0:b0e8:583b:9c01:0
INFO         | Ignore IPv6 address: a0ee:583b:9c01:0:b0e8:583b:9c01:0
INFO         | Ignore IPv6 address: a0ee:583b:9c01:0:b0e8:583b:9c01:0
INFO         | Ignore IPv6 address: b8f4:583b:9c01:0:b0e8:583b:9c01:0
INFO         | Ignore IPv6 address: b8f4:583b:9c01:0:b0e8:583b:9c01:0
INFO         | Ignore IPv6 address: b8f4:583b:9c01:0:b0e8:583b:9c01:0
DEBUG   | IPv6 DNS server found: d0fa:583b:9c01:0:b0e8:583b:9c01:0
DEBUG   | IPv6 DNS server found: d0fa:583b:9c01:0:b0e8:583b:9c01:0
DEBUG   | IPv6 DNS server found: d0fa:583b:9c01:0:b0e8:583b:9c01:0
DEBUG   | IPv6 DNS server found: d0fa:583b:9c01:0:b0e8:583b:9c01:0
INFO         | Ignore IPv6 address: 2806:593b:9c01:0:b0e8:583b:9c01:0
INFO         | Ignore IPv6 address: 2806:593b:9c01:0:b0e8:583b:9c01:0
INFO         | Ignore IPv6 address: 2806:593b:9c01:0:b0e8:583b:9c01:0
INFO         | IPv4 server found: 192.168.1.254
INFO         | Ignore IPv6 address: b0e8:583b:9c01:0:b0e8:583b:9c01:0
INFO         | Ignore IPv6 address: b0e8:583b:9c01:0:b0e8:583b:9c01:0
INFO         | Ignore IPv6 address: b0e8:583b:9c01:0:b0e8:583b:9c01:0
INFO         | Ignore IPv6 address: a0ee:583b:9c01:0:b0e8:583b:9c01:0
INFO         | Ignore IPv6 address: a0ee:583b:9c01:0:b0e8:583b:9c01:0
INFO         | Ignore IPv6 address: a0ee:583b:9c01:0:b0e8:583b:9c01:0
INFO         | Ignore IPv6 address: b8f4:583b:9c01:0:b0e8:583b:9c01:0
INFO         | Ignore IPv6 address: b8f4:583b:9c01:0:b0e8:583b:9c01:0
INFO         | Ignore IPv6 address: b8f4:583b:9c01:0:b0e8:583b:9c01:0
DEBUG   | IPv6 DNS server found: d0fa:583b:9c01:0:b0e8:583b:9c01:0
DEBUG   | IPv6 DNS server found: d0fa:583b:9c01:0:b0e8:583b:9c01:0
DEBUG   | IPv6 DNS server found: d0fa:583b:9c01:0:b0e8:583b:9c01:0
DEBUG   | IPv6 DNS server found: d0fa:583b:9c01:0:b0e8:583b:9c01:0
INFO         | Ignore IPv6 address: 2806:593b:9c01:0:b0e8:583b:9c01:0
INFO         | Ignore IPv6 address: 2806:593b:9c01:0:b0e8:583b:9c01:0
INFO         | Ignore IPv6 address: 2806:593b:9c01:0:b0e8:583b:9c01:0
DEBUG   | call repost from subWindowRepaint callback
DEBUG   | Reposting framebuffer.
DEBUG   | Has last posted colorbuffer and is initialized; post.
DEBUG   | ColorBuffer 124, 1080x2400, VK_FORMAT_R8G8B8A8_UNORM, Memory [size: 10444800, type: 0, props: 1 / 1]
DEBUG   | ColorBuffer 125, 1080x2400, VK_FORMAT_R8G8B8A8_UNORM, Memory [size: 10444800, type: 0, props: 1 / 1]
DEBUG   | ColorBuffer 127, 1080x2400, VK_FORMAT_R8G8B8A8_UNORM, Memory [size: 10444800, type: 0, props: 1 / 1]
DEBUG   | ColorBuffer 128, 1080x2400, VK_FORMAT_R8G8B8A8_UNORM, Memory [size: 10444800, type: 0, props: 1 / 1]
DEBUG   | ColorBuffer 129, 63x63, VK_FORMAT_R8G8B8A8_UNORM, Memory [size: 16384, type: 0, props: 1 / 1]
DEBUG   | Started new RenderThread (total 18) @0000019C66C18BB0
DEBUG   | ColorBuffer 132, 1x1, VK_FORMAT_R8G8B8A8_UNORM, Memory [size: 4096, type: 0, props: 1 / 1]
DEBUG   | Started new RenderThread (total 19) @0000019C66C18C90
DEBUG   | ColorBuffer 135, 63x63, VK_FORMAT_R8G8B8A8_UNORM, Memory [size: 16384, type: 0, props: 1 / 1]
DEBUG   | ColorBuffer 136, 1080x2400, VK_FORMAT_R8G8B8A8_UNORM, Memory [size: 10444800, type: 0, props: 1 / 1]
DEBUG   | ColorBuffer 138, 1080x2400, VK_FORMAT_R8G8B8A8_UNORM, Memory [size: 10444800, type: 0, props: 1 / 1]
DEBUG   | ColorBuffer 139, 1080x2400, VK_FORMAT_R8G8B8A8_UNORM, Memory [size: 10444800, type: 0, props: 1 / 1]
DEBUG   | Waiting for exit signal RenderThread @0000019C6806B2E0
DEBUG   | Waiting for exit signal RenderThread @0000019C6806B040
DEBUG   | Exited a RenderThread @0000019C6806B040
DEBUG   | Exited a RenderThread @0000019C6806B2E0
DEBUG   | Started new RenderThread (total 18) @0000019C67338E50
DEBUG   | ColorBuffer 142, 1x1, VK_FORMAT_R8G8B8A8_UNORM, Memory [size: 4096, type: 0, props: 1 / 1]
DEBUG   | ColorBuffer 143, 1192x682, VK_FORMAT_R8G8B8A8_UNORM, Memory [size: 3424256, type: 0, props: 1 / 1]
DEBUG   | ColorBuffer 145, 1192x682, VK_FORMAT_R8G8B8A8_UNORM, Memory [size: 3424256, type: 0, props: 1 / 1]
DEBUG   | ColorBuffer 146, 1192x682, VK_FORMAT_R8G8B8A8_UNORM, Memory [size: 3424256, type: 0, props: 1 / 1]
DEBUG   | call repost from subWindowRepaint callback
DEBUG   | Reposting framebuffer.
DEBUG   | Has last posted colorbuffer and is initialized; post.
DEBUG   | ColorBuffer 147, 922x1024, VK_FORMAT_R8G8B8A8_UNORM, Memory [size: 3801088, type: 0, props: 1 / 1]
DEBUG   | ColorBuffer 149, 922x1024, VK_FORMAT_R8G8B8A8_UNORM, Memory [size: 3801088, type: 0, props: 1 / 1]
DEBUG   | ColorBuffer 150, 1080x2400, VK_FORMAT_R8G8B8A8_UNORM, Memory [size: 10444800, type: 0, props: 1 / 1]
DEBUG   | ColorBuffer 152, 1080x2400, VK_FORMAT_R8G8B8A8_UNORM, Memory [size: 10444800, type: 0, props: 1 / 1]
DEBUG   | ColorBuffer 153, 1080x2400, VK_FORMAT_R8G8B8A8_UNORM, Memory [size: 10444800, type: 0, props: 1 / 1]
DEBUG   | call repost from subWindowRepaint callback
DEBUG   | Reposting framebuffer.
DEBUG   | Has last posted colorbuffer and is initialized; post.
DEBUG   | Started new RenderThread (total 19) @0000019C130BF7C0
DEBUG   | ColorBuffer 156, 1x1, VK_FORMAT_R8G8B8A8_UNORM, Memory [size: 4096, type: 0, props: 1 / 1]
DEBUG   | Started new RenderThread (total 20) @0000019C67338590
DEBUG   | ColorBuffer 157, 1080x2400, VK_FORMAT_R8G8B8A8_UNORM, Memory [size: 10444800, type: 0, props: 1 / 1]
DEBUG   | ColorBuffer 159, 1080x2400, VK_FORMAT_R8G8B8A8_UNORM, Memory [size: 10444800, type: 0, props: 1 / 1]
DEBUG   | ColorBuffer 160, 1080x2400, VK_FORMAT_R8G8B8A8_UNORM, Memory [size: 10444800, type: 0, props: 1 / 1]
DEBUG   | ColorBuffer 161, 1080x2400, VK_FORMAT_R8G8B8A8_UNORM, Memory [size: 10444800, type: 0, props: 1 / 1]
DEBUG   | ColorBuffer 163, 1080x2400, VK_FORMAT_R8G8B8A8_UNORM, Memory [size: 10444800, type: 0, props: 1 / 1]
DEBUG   | ColorBuffer 164, 922x1024, VK_FORMAT_R8G8B8A8_UNORM, Memory [size: 3801088, type: 0, props: 1 / 1]
DEBUG   | ColorBuffer 166, 922x1024, VK_FORMAT_R8G8B8A8_UNORM, Memory [size: 3801088, type: 0, props: 1 / 1]
DEBUG   | Started new RenderThread (total 21) @0000019C04C73DB0
DEBUG   | ColorBuffer 169, 1x1, VK_FORMAT_R8G8B8A8_UNORM, Memory [size: 4096, type: 0, props: 1 / 1]
DEBUG   | Started new RenderThread (total 22) @0000019C04C74210
DEBUG   | ColorBuffer 170, 1080x2400, VK_FORMAT_R8G8B8A8_UNORM, Memory [size: 10444800, type: 0, props: 1 / 1]
DEBUG   | ColorBuffer 172, 1080x2400, VK_FORMAT_R8G8B8A8_UNORM, Memory [size: 10444800, type: 0, props: 1 / 1]
DEBUG   | ColorBuffer 173, 1080x2400, VK_FORMAT_R8G8B8A8_UNORM, Memory [size: 10444800, type: 0, props: 1 / 1]
INFO         | Warning: Retrying to obtain clipboard. (:0, )
INFO         | Warning: Retrying to obtain clipboard. (:0, )
INFO         | Warning: Retrying to obtain clipboard. (:0, )
DEBUG   | call repost from subWindowRepaint callback
DEBUG   | Reposting framebuffer.
DEBUG   | Has last posted colorbuffer and is initialized; post.
DEBUG   | call repost from subWindowRepaint callback
DEBUG   | Reposting framebuffer.
DEBUG   | Has last posted colorbuffer and is initialized; post.
DEBUG   | Started new RenderThread (total 23) @0000019C67338910
DEBUG   | ColorBuffer 176, 2x2, VK_FORMAT_R8G8B8A8_UNORM, Memory [size: 4096, type: 0, props: 1 / 1]
DEBUG   | Waiting for exit signal RenderThread @0000019C66C1AC10
DEBUG   | call repost from subWindowRepaint callback
DEBUG   | Reposting framebuffer.
DEBUG   | Has last posted colorbuffer and is initialized; post.
DEBUG   | Exited a RenderThread @0000019C66C1AC10
DEBUG   | Started new RenderThread (total 23) @0000019C67E9B050
DEBUG   | ColorBuffer 179, 32x32, VK_FORMAT_R8G8B8A8_UNORM, Memory [size: 4096, type: 0, props: 1 / 1]
DEBUG   | call repost from subWindowRepaint callback
DEBUG   | Reposting framebuffer.
DEBUG   | Has last posted colorbuffer and is initialized; post.
DEBUG   | ColorBuffer 180, 1080x2400, VK_FORMAT_R8G8B8A8_UNORM, Memory [size: 10444800, type: 0, props: 1 / 1]
DEBUG   | ColorBuffer 182, 1080x2400, VK_FORMAT_R8G8B8A8_UNORM, Memory [size: 10444800, type: 0, props: 1 / 1]
DEBUG   | ColorBuffer 183, 1080x2400, VK_FORMAT_R8G8B8A8_UNORM, Memory [size: 10444800, type: 0, props: 1 / 1]
DEBUG   | ColorBuffer 184, 1080x2400, VK_FORMAT_R8G8B8A8_UNORM, Memory [size: 10444800, type: 0, props: 1 / 1]
DEBUG   | ColorBuffer 186, 1080x2400, VK_FORMAT_R8G8B8A8_UNORM, Memory [size: 10444800, type: 0, props: 1 / 1]
DEBUG   | ColorBuffer 187, 1080x2400, VK_FORMAT_R8G8B8A8_UNORM, Memory [size: 10444800, type: 0, props: 1 / 1]
DEBUG   | ColorBuffer 188, 864x1920, VK_FORMAT_R8G8B8A8_UNORM, Memory [size: 6635520, type: 0, props: 1 / 1]
DEBUG   | Waiting for exit signal RenderThread @0000019C66C18C90
DEBUG   | Waiting for exit signal RenderThread @0000019C66C18BB0
DEBUG   | Waiting for exit signal RenderThread @0000019C130BED40
DEBUG   | Waiting for exit signal RenderThread @0000019C022A10C0
DEBUG   | ColorBuffer 189, 864x1920, VK_FORMAT_R8G8B8A8_UNORM, Memory [size: 6635520, type: 0, props: 1 / 1]
DEBUG   | ColorBuffer 190, 864x1920, VK_FORMAT_R8G8B8A8_UNORM, Memory [size: 6635520, type: 0, props: 1 / 1]
DEBUG   | Exited a RenderThread @0000019C022A10C0
DEBUG   | Exited a RenderThread @0000019C130BED40
DEBUG   | Exited a RenderThread @0000019C66C18BB0
DEBUG   | Exited a RenderThread @0000019C66C18C90
DEBUG   | Started new RenderThread (total 20) @0000019C67338D70
DEBUG   | ColorBuffer 193, 1x1, VK_FORMAT_R8G8B8A8_UNORM, Memory [size: 4096, type: 0, props: 1 / 1]
DEBUG   | Started new RenderThread (total 21) @0000019C67338050
DEBUG   | ColorBuffer 194, 1080x128, VK_FORMAT_R8G8B8A8_UNORM, Memory [size: 557056, type: 0, props: 1 / 1]
DEBUG   | ColorBuffer 196, 1080x128, VK_FORMAT_R8G8B8A8_UNORM, Memory [size: 557056, type: 0, props: 1 / 1]
DEBUG   | ColorBuffer 197, 922x1024, VK_FORMAT_R8G8B8A8_UNORM, Memory [size: 3801088, type: 0, props: 1 / 1]
DEBUG   | ColorBuffer 198, 1080x128, VK_FORMAT_R8G8B8A8_UNORM, Memory [size: 557056, type: 0, props: 1 / 1]
DEBUG   | ColorBuffer 200, 922x1024, VK_FORMAT_R8G8B8A8_UNORM, Memory [size: 3801088, type: 0, props: 1 / 1]
DEBUG   | ColorBuffer 201, 922x1024, VK_FORMAT_R8G8B8A8_UNORM, Memory [size: 3801088, type: 0, props: 1 / 1]
DEBUG   | ColorBuffer 202, 1080x128, VK_FORMAT_R8G8B8A8_UNORM, Memory [size: 557056, type: 0, props: 1 / 1]
DEBUG   | ColorBuffer 204, 1080x128, VK_FORMAT_R8G8B8A8_UNORM, Memory [size: 557056, type: 0, props: 1 / 1]
DEBUG   | ColorBuffer 205, 1080x128, VK_FORMAT_R8G8B8A8_UNORM, Memory [size: 557056, type: 0, props: 1 / 1]
DEBUG   | ColorBuffer 206, 1080x63, VK_FORMAT_R8G8B8A8_UNORM, Memory [size: 278528, type: 0, props: 1 / 1]
DEBUG   | ColorBuffer 208, 1080x63, VK_FORMAT_R8G8B8A8_UNORM, Memory [size: 278528, type: 0, props: 1 / 1]
DEBUG   | ColorBuffer 209, 1080x63, VK_FORMAT_R8G8B8A8_UNORM, Memory [size: 278528, type: 0, props: 1 / 1]
DEBUG   | ColorBuffer 210, 1080x2400, VK_FORMAT_R8G8B8A8_UNORM, Memory [size: 10444800, type: 0, props: 1 / 1]
DEBUG   | ColorBuffer 212, 1080x2400, VK_FORMAT_R8G8B8A8_UNORM, Memory [size: 10444800, type: 0, props: 1 / 1]
DEBUG   | ColorBuffer 214, 1080x2400, VK_FORMAT_R8G8B8A8_UNORM, Memory [size: 10444800, type: 0, props: 1 / 1]
DEBUG   | ColorBuffer 215, 1080x2400, VK_FORMAT_R8G8B8A8_UNORM, Memory [size: 10444800, type: 0, props: 1 / 1]
DEBUG   | ColorBuffer 216, 1080x2400, VK_FORMAT_R8G8B8A8_UNORM, Memory [size: 10444800, type: 0, props: 1 / 1]
DEBUG   | ColorBuffer 217, 1080x2400, VK_FORMAT_R8G8B8A8_UNORM, Memory [size: 10444800, type: 0, props: 1 / 1]
DEBUG   | Waiting for exit signal RenderThread @0000019C67338910
DEBUG   | ColorBuffer 218, 1080x2400, VK_FORMAT_R8G8B8A8_UNORM, Memory [size: 10444800, type: 0, props: 1 / 1]
DEBUG   | ColorBuffer 220, 1080x2400, VK_FORMAT_R8G8B8A8_UNORM, Memory [size: 10444800, type: 0, props: 1 / 1]
DEBUG   | ColorBuffer 221, 1080x2400, VK_FORMAT_R8G8B8A8_UNORM, Memory [size: 10444800, type: 0, props: 1 / 1]
DEBUG   | ColorBuffer 222, 1080x2400, VK_FORMAT_R8G8B8A8_UNORM, Memory [size: 10444800, type: 0, props: 1 / 1]
DEBUG   | ColorBuffer 223, 922x1024, VK_FORMAT_R8G8B8A8_UNORM, Memory [size: 3801088, type: 0, props: 1 / 1]
DEBUG   | ColorBuffer 225, 922x1024, VK_FORMAT_R8G8B8A8_UNORM, Memory [size: 3801088, type: 0, props: 1 / 1]
DEBUG   | ColorBuffer 226, 922x1024, VK_FORMAT_R8G8B8A8_UNORM, Memory [size: 3801088, type: 0, props: 1 / 1]
DEBUG   | ColorBuffer 227, 1080x126, VK_FORMAT_R8G8B8A8_UNORM, Memory [size: 557056, type: 0, props: 1 / 1]
DEBUG   | ColorBuffer 229, 1080x126, VK_FORMAT_R8G8B8A8_UNORM, Memory [size: 557056, type: 0, props: 1 / 1]
DEBUG   | ColorBuffer 230, 1080x126, VK_FORMAT_R8G8B8A8_UNORM, Memory [size: 557056, type: 0, props: 1 / 1]
DEBUG   | ColorBuffer 231, 1080x128, VK_FORMAT_R8G8B8A8_UNORM, Memory [size: 557056, type: 0, props: 1 / 1]
DEBUG   | ColorBuffer 233, 1080x128, VK_FORMAT_R8G8B8A8_UNORM, Memory [size: 557056, type: 0, props: 1 / 1]
DEBUG   | ColorBuffer 234, 1080x128, VK_FORMAT_R8G8B8A8_UNORM, Memory [size: 557056, type: 0, props: 1 / 1]
DEBUG   | ColorBuffer 235, 63x63, VK_FORMAT_R8G8B8A8_UNORM, Memory [size: 16384, type: 0, props: 1 / 1]
DEBUG   | Exited a RenderThread @0000019C67338910
DEBUG   | Started new RenderThread (total 21) @0000019C04C74130
DEBUG   | ColorBuffer 238, 1x1, VK_FORMAT_R8G8B8A8_UNORM, Memory [size: 4096, type: 0, props: 1 / 1]
DEBUG   | Started new RenderThread (total 22) @0000019C67E9B2F0
DEBUG   | ColorBuffer 241, 63x63, VK_FORMAT_R8G8B8A8_UNORM, Memory [size: 16384, type: 0, props: 1 / 1]
DEBUG   | call repost from subWindowRepaint callback
DEBUG   | Reposting framebuffer.
DEBUG   | Has last posted colorbuffer and is initialized; post.
INFO         | Warning: Retrying to obtain clipboard. (:0, )
INFO         | Warning: Retrying to obtain clipboard. (:0, )
INFO         | Warning: Retrying to obtain clipboard. (:0, )
INFO         | Warning: Retrying to obtain clipboard. (:0, )
INFO         | Warning: Retrying to obtain clipboard. (:0, )
DEBUG   | call repost from subWindowRepaint callback
DEBUG   | Reposting framebuffer.
DEBUG   | Has last posted colorbuffer and is initialized; post.
DEBUG   | Started new RenderThread (total 23) @0000019C67E9B130
DEBUG   | ColorBuffer 244, 32x32, VK_FORMAT_R8G8B8A8_UNORM, Memory [size: 4096, type: 0, props: 1 / 1]
DEBUG   | Waiting for exit signal RenderThread @0000019C67E9B130
DEBUG   | call repost from subWindowRepaint callback
DEBUG   | Reposting framebuffer.
DEBUG   | Has last posted colorbuffer and is initialized; post.
DEBUG   | call repost from subWindowRepaint callback
DEBUG   | Reposting framebuffer.
DEBUG   | Has last posted colorbuffer and is initialized; post.
DEBUG   | call repost from subWindowRepaint callback
DEBUG   | Reposting framebuffer.
DEBUG   | Has last posted colorbuffer and is initialized; post.
DEBUG   | Reposting framebuffer.
DEBUG   | Has last posted colorbuffer and is initialized; post.
INFO         | Critical: UpdateLayeredWindowIndirect failed for ptDst=(574, -788), size=(375x26), dirty=(375x26 0, 0) (A device attached to the system is not functioning.) (:0, )
DEBUG   | call repost from subWindowRepaint callback
DEBUG   | Reposting framebuffer.
DEBUG   | Has last posted colorbuffer and is initialized; post.
DEBUG   | Sending CMD_REPAINT to reposting thread
DEBUG   | Reposting thread dequeueing a CMD_REPAINT
DEBUG   | Reposting framebuffer.
DEBUG   | Has last posted colorbuffer and is initialized; post.
DEBUG   | call repost from subWindowRepaint callback
DEBUG   | Reposting framebuffer.
DEBUG   | Has last posted colorbuffer and is initialized; post.
DEBUG   | Begin setupSubWindow
DEBUG   | setupSubwindow: draw last posted cb
DEBUG   | Exit setupSubWindow (successful setup)
DEBUG   | Begin setupSubWindow
DEBUG   | Exit setupSubWindow (nothing to do)
DEBUG   | Begin setupSubWindow
DEBUG   | Exit setupSubWindow (nothing to do)
DEBUG   | call repost from subWindowRepaint callback
DEBUG   | Reposting framebuffer.
DEBUG   | Has last posted colorbuffer and is initialized; post.
DEBUG   | Sending CMD_REPAINT to reposting thread
DEBUG   | Reposting thread dequeueing a CMD_REPAINT
DEBUG   | Reposting framebuffer.
DEBUG   | Has last posted colorbuffer and is initialized; post.
DEBUG   | Begin setupSubWindow
DEBUG   | Exit setupSubWindow (nothing to do)
DEBUG   | Begin setupSubWindow
DEBUG   | Exit setupSubWindow (nothing to do)
DEBUG   | call repost from subWindowRepaint callback
DEBUG   | Reposting framebuffer.
DEBUG   | Has last posted colorbuffer and is initialized; post.
DEBUG   | call repost from subWindowRepaint callback
DEBUG   | Reposting framebuffer.
DEBUG   | Has last posted colorbuffer and is initialized; post.
DEBUG   | Waiting for exit signal RenderThread @0000019C04C74130
DEBUG   | call repost from subWindowRepaint callback
DEBUG   | Reposting framebuffer.
DEBUG   | Has last posted colorbuffer and is initialized; post.
DEBUG   | call repost from subWindowRepaint callback
DEBUG   | Reposting framebuffer.
DEBUG   | Has last posted colorbuffer and is initialized; post.
DEBUG   | ColorBuffer 245, 138x150, VK_FORMAT_R8G8B8A8_UNORM, Memory [size: 102400, type: 0, props: 1 / 1]
DEBUG   | ColorBuffer 247, 138x150, VK_FORMAT_R8G8B8A8_UNORM, Memory [size: 102400, type: 0, props: 1 / 1]
DEBUG   | ColorBuffer 248, 138x150, VK_FORMAT_R8G8B8A8_UNORM, Memory [size: 102400, type: 0, props: 1 / 1]
DEBUG   | Exited a RenderThread @0000019C04C74130
DEBUG   | Exited a RenderThread @0000019C67E9B130
DEBUG   | Started new RenderThread (total 22) @0000019C1330B8D0
DEBUG   | ColorBuffer 251, 1x1, VK_FORMAT_R8G8B8A8_UNORM, Memory [size: 4096, type: 0, props: 1 / 1]
DEBUG   | Started new RenderThread (total 23) @0000019C67E9B590
DEBUG   | ColorBuffer 252, 1080x2272, VK_FORMAT_R8G8B8A8_UNORM, Memory [size: 9887744, type: 0, props: 1 / 1]
DEBUG   | ColorBuffer 254, 1080x2272, VK_FORMAT_R8G8B8A8_UNORM, Memory [size: 9887744, type: 0, props: 1 / 1]
DEBUG   | ColorBuffer 255, 1080x2272, VK_FORMAT_R8G8B8A8_UNORM, Memory [size: 9887744, type: 0, props: 1 / 1]
DEBUG   | ColorBuffer 256, 76x80, VK_FORMAT_R8G8B8A8_UNORM, Memory [size: 36864, type: 0, props: 1 / 1]
DEBUG   | Started new RenderThread (total 24) @0000019C67E9AF70
DEBUG   | ColorBuffer 259, 1x1, VK_FORMAT_R8G8B8A8_UNORM, Memory [size: 4096, type: 0, props: 1 / 1]
DEBUG   | Started new RenderThread (total 25) @0000019C04F4DF30
DEBUG   | ColorBuffer 262, 76x80, VK_FORMAT_R8G8B8A8_UNORM, Memory [size: 36864, type: 0, props: 1 / 1]
DEBUG   | ColorBuffer 263, 55x59, VK_FORMAT_R8G8B8A8_UNORM, Memory [size: 16384, type: 0, props: 1 / 1]
DEBUG   | ColorBuffer 264, 55x59, VK_FORMAT_R8G8B8A8_UNORM, Memory [size: 16384, type: 0, props: 1 / 1]
DEBUG   | ColorBuffer 265, 1080x2400, VK_FORMAT_R8G8B8A8_UNORM, Memory [size: 10444800, type: 0, props: 1 / 1]
DEBUG   | ColorBuffer 267, 1080x2400, VK_FORMAT_R8G8B8A8_UNORM, Memory [size: 10444800, type: 0, props: 1 / 1]
DEBUG   | ColorBuffer 268, 1080x2400, VK_FORMAT_R8G8B8A8_UNORM, Memory [size: 10444800, type: 0, props: 1 / 1]
DEBUG   | Waiting for exit signal RenderThread @0000019C67E9AF70
DEBUG   | call repost from subWindowRepaint callback
DEBUG   | Reposting framebuffer.
DEBUG   | Has last posted colorbuffer and is initialized; post.
INFO         | Wait for emulator (pid 6028) 20 seconds to shutdown gracefully before kill;you can set environment variable ANDROID_EMULATOR_WAIT_TIME_BEFORE_KILL(in seconds) to change the default value (20 seconds)

WARNING      | Not saving state: RAM not mapped as shared
INFO         | Saving snapshot 'default_boot' using 3 ms
DEBUG   | Waiting for exit signal RenderThread @0000019C67DCB6A0
DEBUG   | Waiting for exit signal RenderThread @0000019C022A11A0
DEBUG   | Waiting for exit signal RenderThread @0000019C67338E50
DEBUG   | Waiting for exit signal RenderThread @0000019C04C73DB0
DEBUG   | Waiting for exit signal RenderThread @0000019C67E9B4B0
DEBUG   | Waiting for exit signal RenderThread @0000019C04C74210
DEBUG   | Waiting for exit signal RenderThread @0000019C130BF7C0
DEBUG   | Waiting for exit signal RenderThread @0000019C67338050
DEBUG   | Waiting for exit signal RenderThread @0000019C67E9B050
DEBUG   | Waiting for exit signal RenderThread @0000019C67E9B590
DEBUG   | Waiting for exit signal RenderThread @0000019C1330B8D0
DEBUG   | Waiting for exit signal RenderThread @0000019C67338D70
DEBUG   | Waiting for exit signal RenderThread @0000019C67B7F400
DEBUG   | Waiting for exit signal RenderThread @0000019C67B7F160
DEBUG   | Waiting for exit signal RenderThread @0000019C67E9B2F0
DEBUG   | Waiting for exit signal RenderThread @0000019C66C182F0
DEBUG   | Waiting for exit signal RenderThread @0000019C04F4DF30
DEBUG   | Waiting for exit signal RenderThread @0000019C66C1AB30
DEBUG   | Waiting for exit signal RenderThread @0000019C67338590
DEBUG   | Waiting for exit signal RenderThread @0000019C66C1ACF0
DEBUG   | Waiting for exit signal RenderThread @0000019C12B28340
DEBUG   | Waiting for exit signal RenderThread @0000019C045509F0
DEBUG   | Waiting for exit signal RenderThread @0000019C67B7F5C0
DEBUG   | Waiting for exit signal RenderThread @0000019C67B7F240
DEBUG   | Exited a RenderThread @0000019C67DCB6A0
DEBUG   | Exited a RenderThread @0000019C67B7F400
DEBUG   | Exited a RenderThread @0000019C67B7F5C0
DEBUG   | Exited a RenderThread @0000019C67B7F160
DEBUG   | Exited a RenderThread @0000019C67B7F240
DEBUG   | Exited a RenderThread @0000019C67E9B4B0
DEBUG   | Exited a RenderThread @0000019C045509F0
DEBUG   | Exited a RenderThread @0000019C12B28340
DEBUG   | Exited a RenderThread @0000019C66C1ACF0
DEBUG   | Exited a RenderThread @0000019C022A11A0
DEBUG   | Exited a RenderThread @0000019C66C1AB30
DEBUG   | Exited a RenderThread @0000019C66C182F0
DEBUG   | Exited a RenderThread @0000019C67338E50
DEBUG   | Exited a RenderThread @0000019C130BF7C0
DEBUG   | Exited a RenderThread @0000019C67338590
DEBUG   | Exited a RenderThread @0000019C04C73DB0
DEBUG   | Exited a RenderThread @0000019C04C74210
DEBUG   | Exited a RenderThread @0000019C67E9B050
DEBUG   | Exited a RenderThread @0000019C67338D70
DEBUG   | Exited a RenderThread @0000019C67338050
DEBUG   | Exited a RenderThread @0000019C67E9B2F0
DEBUG   | Exited a RenderThread @0000019C1330B8D0
DEBUG   | Exited a RenderThread @0000019C67E9B590
DEBUG   | Exited a RenderThread @0000019C67E9AF70
DEBUG   | Exited a RenderThread @0000019C04F4DF30
DEBUG   | Error reading from client fd: error
DEBUG   | No client connected yet.
DEBUG   | Done with QEMU main loop
DEBUG   | Uninitializing VirtualSceneManager
INFO         | removeAll
DEBUG   | User configuration saved to C:\Users\CZUVWD\.android\avd\..\avd\connectly_test.avd\emulator-user.ini
DEBUG   | sending STOP to modem simulator host server
WARNING      | Netsim Wifi dns:///localhost:51000 is gone due to Stream removed (CANCELLED)
DEBUG   | received exit request from parent process
DEBUG   | waiting for monitor thread to join
DEBUG   | requested to exit now
INFO         | emuDirName: 'C:\@Work\POC\android-sdk\emulator'
INFO         | try dir C:\@Work\POC\android-sdk\emulator
INFO         | Trying emulator path 'C:\@Work\POC\android-sdk\emulator\qemu\windows-x86_64\qemu-system-x86_64.exe'
INFO         | Found target-specific 64-bit emulator binary: C:\@Work\POC\android-sdk\emulator\qemu\windows-x86_64\qemu-system-x86_64.exe
INFO         | Adding library search path: 'C:\@Work\POC\android-sdk\emulator\lib64'
INFO         | Adding library search path: 'C:\@Work\POC\android-sdk\emulator\lib64\gles_swiftshader'
INFO         | Adding library search path: 'C:\@Work\POC\android-sdk\emulator\lib64\vulkan'
INFO         | Quoted param: [C:\@Work\POC\android-sdk\emulator\qemu\windows-x86_64\qemu-system-x86_64.exe]
INFO         | Quoted param: [-avd]
INFO         | Quoted param: [connectly_test]
INFO         | Quoted param: [-no-snapshot-load]
INFO         | Quoted param: [-no-snapshot-save]
INFO         | Quoted param: [-verbose]
DEBUG   | emulator: Running :C:\@Work\POC\android-sdk\emulator\qemu\windows-x86_64\qemu-system-x86_64.exe
DEBUG   | qemu backend: argv[00] = "C:\@Work\POC\android-sdk\emulator\qemu\windows-x86_64\qemu-system-x86_64.exe"
DEBUG   | qemu backend: argv[01] = "-avd"
DEBUG   | qemu backend: argv[02] = "connectly_test"
DEBUG   | qemu backend: argv[03] = "-no-snapshot-load"
DEBUG   | qemu backend: argv[04] = "-no-snapshot-save"
DEBUG   | qemu backend: argv[05] = "-verbose"
DEBUG   | Concatenated backend parameters:  C:\@Work\POC\android-sdk\emulator\qemu\windows-x86_64\qemu-system-x86_64.exe -avd connectly_test -no-snapshot-load -no-snapshot-save -verbose
